word,n
#coronavirus,434
#schoolsreopening,305
#covid19,187
#fivetests,55
#schools,33
#education,19
#covid,19
#scotresponse,13
#cycle,12
#coronavirusuk,12
#lockdown,11
#parents,11
#stayhomesavelives,9
#schoolclosureuk,8
#schoolclosures,8
#mentalhealth,8
#nasuwt,7
#frontlineworkers,7
#covid_19,7
#remoteteaching,7
#nhs,7
#scied,6
#covid19uk,6
#prisci,6
#mulive,5
#mufc,5
#savebritishcouncil,5
#returningtowork,4
#neu,4
#extendthelockdown,4
#homeschooling,4
#boristhebutcher,4
#teachers,4
#iceland,4
#keepkidssafec19,4
#cornwalls,3
#askthehealthsecretary,3
#councilscan,3
#thursdaythoughts,2
#schoolclosuresuk,2
#schoolsupport,2
#school,2
#schoolsweek,2
#bereavement,2
#lockdownextension,2
#sheffactioncom,2
#earlyyears,2
#recycle,2
#proudtoteach,2
#support,2
#staysafe,2
#lovemk,2
#nurseries,2
#notherdimmunity,2
#snp,2
#wuhan,1
#write,1
#publicity,1
#reopen,1
#virtualeducation,1
#productdevelopment,1
#prison_camps,1
#wellbeing,1
#unlocking,1
#revolutionize‚Äù,1
#saveconti,1
#studentsunite,1
#supplyclouds,1
#stpaulsgirlsschool,1
#staysafestayhome,1
#teacherlife,1
#starappeal,1
#sportsconstruction,1
#spgs,1
#spain,1
#primaryschool,1
#shops,1
#theeconomist,1
#togetherwecan,1
#uae,1
#utu,1
#accessiblehomelearning,1
#mrx,1
#prayforeurope,1
#cluego,1
#epm,1
#educationnews,1
#edtech,1
#edleaders,1
#ease,1
#digital,1
#creativity,1
#cornoavirus,1
#consumerbehaviour,1
#cluegolearn,1
#classesvirtuelles,1
#pr,1
#children,1
#business,1
#buildinganactivenation,1
#boris,1
#blogging,1
#bill_gates,1
#belongbelieveachieve,1
#belgium,1
#bbcbreakfast,1
#architecture,1
#essex,1
#europe,1
#forcemajeure,1
#france,1
#ppe,1
#petition,1
#personalizedlearning,1
#pepsitrump,1
#onlinelearning,1
#ofsted,1
#airports,1
#mathsathome,1
#marketing,1
#london,1
#learning,1
#keyworkers,1
#keepschoolsclosed,1
#keepingkidshappy,1
#insights,1
#independentschools,1
#homeschoolinguk,1
#headteachers,1
#goodread,1
#germany,1
#games,1
#wythenshawe,1
