,trigram,n
61,announced tomorrow sunday,294
385,coronavirus schoolsreopening watch,294
2231,told senior source,294
2005,source decision schools,294
2237,tomorrow sunday coronavirus,294
2089,sunday coronavirus schoolsreopening,294
1246,news told senior,294
1940,senior source decision,294
157,breaking news told,294
1307,opening announced tomorrow,294
1813,schools opening announced,294
492,decision schools opening,294
1885,schoolsreopening watch space,294
2044,stop sending cv19,286
2043,stop cv19 deaths,286
868,home hospitals lie,286
188,care home patients,286
872,home patients back,286
463,cv19 deaths home,286
983,kids spread infection,286
462,cv19 care home,286
675,face masks don,286
190,care homes public,286
877,homes public inquiry,286
1073,lockdown mandate face,286
2132,tax corps stop,286
396,coronavirus uk don,286
402,corps stop sending,286
1367,patients back care,286
1798,schools kids spread,286
1040,lie empty no,286
1109,mandate face masks,286
917,infection stop cv19,286
1489,public inquiry needed,286
104,back care homes,286
487,deaths home hospitals,286
537,don lift lockdown,286
1263,no bailouts tax,286
1301,open schools kids,286
538,don open schools,286
108,bailouts tax corps,286
1938,sending cv19 care,286
884,hospitals lie empty,286
2271,uk don lift,286
615,empty no bailouts,286
2021,spread infection stop,286
1042,lift lockdown mandate,286
1116,masks don open,286
1599,reopened wuhan city,126
1843,schools reopened wuhan,126
261,city covid19 originated,126
2494,wuhan city covid19,126
1401,plan restart economy,86
805,gradually pupils shops,84
770,germany seen fewer,84
1574,reopen germany seen,84
769,german plan restart,84
1575,reopen gradually pupils,84
1641,restart economy reopening,84
1621,reopening society leaked,84
1649,resume schools reopen,84
1011,leaked bundesliga likely,84
1832,schools reopen gradually,84
1995,society leaked bundesliga,84
167,bundesliga likely resume,84
1502,pupils shops also,84
1050,likely resume schools,84
52,also reopen germany,84
1934,seen fewer deaths,84
486,deaths coronavirus pandemic,84
1958,shops also reopen,84
687,fewer deaths coronavirus,84
573,economy reopening society,84
310,confidence worst outbreak,70
915,increasing confidence worst,70
1318,originated sign chinas,70
429,covid19 originated sign,70
1969,sign chinas increasing,70
257,chinas increasing confidence,70
1698,rush reopen schools,60
2323,urge gavinwilliamson rush,58
1032,letter neunion parentkind,58
1585,reopen schools join,58
1796,schools join letter,58
960,join letter neunion,58
1357,parents urge gavinwilliamson,58
2150,teachers parents urge,58
764,gavinwilliamson rush reopen,58
1319,originated students wore,56
1117,masks entered single,56
1979,single file past,56
505,desks kept one,56
1147,metre apart arrival,56
1734,scanners desks kept,56
2440,wore masks entered,56
65,apart arrival times,56
430,covid19 originated students,56
693,file past thermal,56
77,arrival times staggered,56
633,entered single file,56
1289,one metre apart,56
2065,students wore masks,56
976,kept one metre,56
1366,past thermal scanners,56
2190,thermal scanners desks,56
198,cases reported yesterday,51
2280,uk new cases,51
1094,lowest total since,51
991,korea reported three,51
199,cases virus lowest,51
1596,reopened phased steps,51
2364,virus lowest total,51
1623,reported three new,51
2038,steps starting high,51
1227,new cases reported,51
685,feb schools reopened,51
1840,schools reopened phased,51
1624,reported yesterday time,51
2032,starting high school,51
1752,school seniors may,51
1392,phased steps starting,51
1941,seniors may uk,51
2007,south korea reported,51
856,high school seniors,51
2210,three new cases,51
2502,yesterday time fivetests,51
1977,since feb schools,51
1130,may uk new,51
2243,total since feb,51
1228,new cases virus,51
1440,ppe needed schools,45
1508,quarters teachers saying,44
507,despite three quarters,44
634,equipment feel safe,44
2112,survey need protective,44
686,feel safe reopened,44
1776,schools despite three,44
2151,teachers saying tes,44
1718,saying tes survey,44
1702,safe reopened schools,44
2175,tes survey need,44
319,continues insist ppe,44
2211,three quarters teachers,44
792,government continues insist,44
925,insist ppe needed,44
1211,needed schools despite,44
1476,protective equipment feel,44
1205,need protective equipment,44
246,children schools reopen,42
2373,vulnerable children schools,42
2110,surge referrals vulnerable,42
1555,referrals vulnerable children,42
2030,start april majority,39
1084,longer coming contact,39
1552,referrals dropped start,39
1834,schools reopen referrals,39
299,coming contact usual,39
2452,workers bracing surge,39
2349,usual support networks,39
1099,majority children longer,39
71,april majority children,39
1580,reopen referrals dropped,39
153,bracing surge referrals,39
552,dropped start april,39
240,children longer coming,39
316,contact usual support,39
1991,social workers bracing,39
223,child protection referrals,28
1475,protection referrals schools,28
151,brace surge child,28
2109,surge child protection,28
1553,referrals schools reopen,28
32,advice staff nonresidential,24
543,dont require ppe,24
1951,settings dont require,24
2451,workers brace surge,21
1990,social workers brace,21
511,devastating longterm impact,20
1,able catch unless,20
2315,unless urgent action,20
1225,never able catch,20
242,children never able,20
2168,tells school closures,20
201,catch unless urgent,20
254,childrenscomm tells school,20
1827,schools reopen childrenscomm,20
1565,reopen childrenscomm tells,20
288,closures devastating longterm,20
1743,school closures devastating,20
2326,urgent action taken,20
15,action taken support,20
902,impact children never,20
1085,longterm impact children,20
1723,says govt taken,19
1438,ppe coronavirus latest,19
1903,sec robertjenrick says,19
1213,needed schools reopen,19
888,housing sec robertjenrick,19
2128,taken scientific advice,19
1687,robertjenrick says govt,19
1567,reopen current advice,19
801,govt taken scientific,19
2025,staff nonresidential settings,19
635,equipment needed schools,19
1477,protective equipment needed,19
30,advice level protective,19
1629,require ppe coronavirus,19
1036,level protective equipment,19
1829,schools reopen current,19
456,current advice staff,19
1889,scientific advice level,19
1265,nonresidential settings dont,19
857,highest coronavirus death,18
342,coronavirus death toll,18
2274,uk highest coronavirus,18
1311,opening schools weeks,18
2191,they re talking,18
2232,toll europe they,18
1529,re talking opening,18
482,death toll europe,18
2129,talking opening schools,18
642,europe they re,18
905,imply lockdown effectively,15
1866,schools swimming pools,15
2272,uk government advice,15
662,exit strategybut claiming,15
1145,messages imply lockdown,15
935,ireland exit strategybut,15
655,exc whatsapp users,15
2421,whatsapp users spreading,15
93,august bars schools,15
264,claiming uk government,15
2052,strategybut claiming uk,15
31,advice messages imply,15
109,bars schools swimming,15
508,details ireland exit,15
608,effectively end august,15
789,government advice messages,15
1070,lockdown effectively end,15
616,end august bars,15
2022,spreading details ireland,15
2118,swimming pools reopened,15
2346,users spreading details,15
2330,urging significant caution,13
913,inconceivable pupils back,12
1524,rate rising causing,12
183,can see possible,12
1651,return coronavirus pandemic,12
1431,possible scotgov deputy,12
1684,rjcurran2 scotland schools,12
1692,routes foot bike,12
1882,schools would create,12
916,infection rate rising,12
721,foot bike scooter,12
1158,minister johnswinney speaks,12
2011,spaces cycle routes,12
1631,residential streets extend,12
424,covid remove motor,12
138,bike scooter green,12
1775,schools could return,12
1703,safe routes foot,12
1681,risk virus infection,12
2363,virus infection rate,12
1672,rising causing second,12
551,drive green recovery,12
881,honestly can see,12
2085,summer holidays honestly,12
437,create risk virus,12
1960,shops schools parks,12
1498,pupils back summer,12
535,dominic raab said,12
1358,parks safe routes,12
2195,things city leaders,12
865,holidays honestly can,12
701,first minister johnswinney,12
672,extend pavements near,12
1175,motor traffic residential,12
49,almost inconceivable pupils,12
2012,speaks rjcurran2 scotland,12
262,city leaders drive,12
411,could return coronavirus,12
503,deputy first minister,12
1006,leaders drive green,12
945,it almost inconceivable,12
2475,would create risk,12
1926,see possible scotgov,12
959,johnswinney speaks rjcurran2,12
1564,remove motor traffic,12
1909,second wave dominic,12
1200,near shops schools,12
2395,wave dominic raab,12
809,green recovery covid,12
1816,schools parks safe,12
810,green spaces cycle,12
2445,work summer schools,12
1619,reopening schools would,12
1895,scotland schools could,12
106,back summer holidays,12
1368,pavements near shops,12
1892,scotgov deputy first,12
204,causing second wave,12
2056,streets extend pavements,12
371,coronavirus pandemic scotresponse,12
1890,scooter green spaces,12
1549,recovery covid remove,12
2249,traffic residential streets,12
465,cycle routes work,12
524,disadvantaged children catch,11
231,children catch following,11
2087,summer schools essential,11
1988,social distancing schools,11
719,following school closures,11
1786,schools essential helping,11
200,catch following school,11
637,essential helping disadvantaged,11
851,helping disadvantaged children,11
2155,teachers time work,10
1766,schools chinas hubei,10
724,forces parentkind sending,10
2131,task force replaced,10
1371,paying teachers time,10
391,coronavirus task force,10
723,force replaced morning,10
62,announces white house,10
858,highest death toll,10
1742,school closures according,10
1074,lockdown professor resigns,10
2422,white house coronavirus,10
1939,sending letter education,10
765,gavinwilliamson urging caution,10
1618,reopening schools via,10
256,chinas hubei province,10
2262,trump announces white,10
962,joined forces parentkind,10
887,house coronavirus task,10
485,death toll us,10
1594,reopen top uk,10
2278,uk lockdown professor,10
2279,uk may return,10
2329,urging caution reopening,10
121,begin reopen top,10
1906,second highest death,10
2288,uk worlds second,10
1913,secretary gavinwilliamson urging,10
1031,letter education secretary,10
1465,professor resigns trump,10
596,education secretary gavinwilliamson,10
207,caution reopening schools,10
1622,replaced morning update,10
2338,us schools chinas,10
1222,neunion joined forces,10
1659,return september hancock,10
1347,parentkind sending letter,10
1632,resigns trump announces,10
1943,september hancock warns,10
2216,time work summer,10
1126,may return september,10
287,closures according teachfirst,10
1481,province begin reopen,10
2234,toll us schools,10
1874,schools via specktator100,10
2240,top uk lockdown,10
1868,schools uk may,10
2360,via specktator100 tes,10
2466,worlds second highest,10
891,hubei province begin,10
577,education best practice,9
2504,yorks education system,9
1957,shock doctrine style,9
533,doctrine style move,9
761,gates help seems,9
599,education system wants,9
56,andrew cuomo announced,9
603,educationgovuk published tranche,9
1933,seems like pure,9
60,announced going use,9
1339,pandemic revolutionize new,9
1238,new yorks education,9
2057,stresses provision still,9
455,cuomo announced going,9
2072,studies schools stresses,9
423,covid pandemic revolutionize,9
1204,need ppe schools,9
2076,style move implement,9
1863,schools stresses provision,9
1849,schools return says,9
2122,system wants bill,9
846,help seems like,9
2344,use covid pandemic,9
1503,pure naomiaklein shock,9
2384,wants bill gates,9
1656,return says minister,9
196,case studies schools,9
1559,remote education best,9
131,best practice case,9
903,implement charter schools,9
1446,practice case studies,9
1443,ppe schools return,9
2438,wont need ppe,9
1047,like pure naomiaklein,9
2158,teachers wont need,9
139,bill gates help,9
1666,revolutionize new yorks,9
1177,move implement charter,9
1482,provision still optional,9
786,going use covid,9
1495,published tranche remote,9
1193,naomiaklein shock doctrine,9
2250,tranche remote education,9
1000,launched consultation process,8
1463,process identify online,8
1900,scottish schools early,8
641,europe stay home,8
1620,reopening scottish schools,8
1245,news maryboustedneu cyclingkev,8
502,department education launched,8
1327,overwhelm nhs bbc,8
469,data metadoc fjcolon,8
315,consultation process identify,8
899,identify online education,8
291,closures much less,8
904,implores schools reopen,8
2045,stopping mass gatherings,8
36,advises teachers teach,8
101,awhile implores schools,8
1637,resources promote schools,8
1137,measures flatten coronavirus,8
114,bbc news maryboustedneu,8
1115,maryboustedneu cyclingkev neunion,8
280,closing schools effective,8
924,inperson for awhile,8
2036,stay home orders,8
460,curves europe stay,8
1118,mass gatherings closing,8
1471,promote schools parents,8
1252,nhs bbc news,8
593,education resources promote,8
1780,schools early could,8
377,coronavirus reopening scottish,8
2133,teach inperson for,8
1783,schools effective measures,8
1293,online education resources,8
561,early could overwhelm,8
1184,much less analysis,8
168,business closures much,8
1316,orders business closures,8
2154,teachers teach inperson,8
409,could overwhelm nhs,8
582,education launched consultation,8
1534,real data metadoc,8
722,for awhile implores,8
55,analysis real data,8
709,flatten coronavirus curves,8
607,effective measures flatten,8
762,gatherings closing schools,8
871,home orders business,8
1146,metadoc fjcolon epr_hpru,8
1027,less analysis real,8
708,fjcolon epr_hpru uearesearch,8
339,coronavirus curves europe,8
2261,trump advises teachers,8
12,across uk ireland,7
2276,uk ireland written,7
2275,uk ireland urging,7
1065,local authorities brace,7
1601,reopening coronavirus crisis,7
1262,nine trade unions,7
588,education ministers uk,7
208,caution schools reopening,7
2488,write education ministers,7
2310,unions write education,7
1195,nasuwt nine trade,7
750,full text letter,7
96,authorities brace surge,7
337,coronavirus crisis full,7
938,ireland urging significant,7
2248,trade unions write,7
443,crisis full text,7
1844,schools reopening coronavirus,7
1974,significant caution schools,7
1165,ministers uk ireland,7
370,coronavirus pandemic schools,7
832,health board published,6
1828,schools reopen chinese,6
589,education ministers urging,6
1484,prudent que les,6
940,ireland written joint,6
1155,million teachers across,6
1510,queers make duty,6
1539,really keep children,6
1033,letter thanks teachers,6
1154,military support personnel,6
713,follow covid19 live,6
1693,rouvrir les écoles,6
1256,nhs workers families,6
1166,ministers urging significant,6
1509,que les français,6
1805,schools neunion nasuwt,6
1196,nasuwt patrickr_nasuwt coronavirusuk,6
1485,préparent un déconfinement,6
1486,psychological support hub,6
558,duty know history,6
1290,one million teachers,6
1764,schools childcare staff,6
1296,online psychological support,6
560,déconfinement plus prudent,6
1064,ll releasing statistics,6
746,frontline nhs workers,6
1966,shut schools colleges,6
1483,provoquer une deuxième,6
1492,published open letter,6
1300,open letter thanks,6
1383,personnel crisis please,6
747,frontlineworkers coronavirus pandemic,6
1744,school closures mentioned,6
1030,letter education ministers,6
862,history cos sure,6
1026,les écoles trop,6
1338,pandemic new hub,6
1104,make duty know,6
969,keep children apart,6
1902,se préparent un,6
964,joint letter education,6
1655,return really keep,6
1427,population would think,6
1881,schools worry warning,6
1434,pourrait provoquer une,6
1435,powys teaching health,6
1234,new hub support,6
1436,powyscc powyssch colleagues,6
1223,neunion nasuwt patrickr_nasuwt,6
1627,representing around one,6
1612,reopening schools neunion,6
1437,powyssch colleagues work,6
1101,majority straight population,6
1100,majority dont queers,6
1025,les français covid19,6
989,know history cos,6
1024,les britanniques se,6
1361,parties coronavirus deaths,6
1144,mentioned bbcnews we,6
1848,schools return really,6
874,home workers military,6
1420,plus prudent que,6
889,hub frontlineworkers coronavirus,6
1556,releasing statistics tomorrow,6
890,hub support frontline,6
1353,parents coronavirus schoolclosures,6
1337,pandemic differently better,6
1001,launched online psychological,6
678,families care home,6
1566,reopen chinese city,6
1352,parents coronavirus school,6
1972,significant caution consideration,6
2509,écoles trop vite,6
2456,workers families care,6
382,coronavirus schools reopen,6
2377,wales follow covid19,6
2457,workers military support,6
2260,trop vite pourrait,6
141,board published open,6
258,chinese city pandemic,6
2053,street parties coronavirus,6
369,coronavirus pandemic new,6
2369,vite pourrait provoquer,6
379,coronavirus school closures,6
2469,worry warning day,6
2049,straight population would,6
42,aint taught schools,6
475,day street parties,6
2034,statistics tomorrow parents,6
41,aids crisis thing,6
343,coronavirus deaths wales,6
488,deaths wales follow,6
2185,thanks teachers schools,6
2296,understanding aids crisis,6
2026,staff powyscc powyssch,6
2294,un déconfinement plus,6
2268,uclan launched online,6
2485,would think coronavirus,6
134,better understanding aids,6
383,coronavirus schools return,6
2354,vague les britanniques,6
368,coronavirus pandemic differently,6
2139,teachers across uk,6
403,cos sure aint,6
2236,tomorrow parents coronavirus,6
2107,sure aint taught,6
2099,support personnel crisis,6
2246,trade unions representing,6
205,caution consideration reopening,6
2097,support hub frontlineworkers,6
117,bbcnews we ll,6
2095,support frontline nhs,6
2442,work coronavirus stayhomesavelives,6
2399,we ll releasing,6
2308,unions representing around,6
428,covid19 live page,6
74,around one million,6
2297,une deuxième vague,6
2391,warning day street,6
2152,teachers schools childcare,6
294,colleagues work coronavirus,6
444,crisis please rt,6
263,city pandemic began,6
2164,teaching health board,6
446,crisis thing vast,6
2355,vast majority dont,6
2170,ten trade unions,6
2113,survey parents coronavirus,6
290,closures mentioned bbcnews,6
529,distancing schools worry,6
313,consideration reopening schools,6
520,differently better understanding,6
542,dont queers make,6
113,bbc news coronavirus,6
2199,think majority straight,6
2492,written joint letter,6
189,care home workers,6
226,childcare staff powyscc,6
2194,thing vast majority,6
161,britanniques se préparent,6
510,deuxième vague les,6
2196,think coronavirus pandemic,6
1745,school closures must,5
274,closed september coronavirus,5
2401,webinars may help,5
1297,online webinars may,5
212,cep_lse study found,5
886,hours per week,5
420,course scottish govt,5
2507,young people school,5
3,absent around opening,5
795,government published guidance,5
1046,like nhs education,5
817,guidance social distancing,5
698,find remoteteaching prisci,5
2446,work well two,5
1034,letter warned risk,5
2345,used ncpta supported,5
2253,transmission rates might,5
695,financial grants mental,5
75,around opening schools,5
214,challenges find remoteteaching,5
706,five tests wrote,5
1308,opening schools ase,5
1018,learning schools reopen,5
2130,target reopening ni,5
2412,well two additional,5
1630,require ppe robert,5
539,donating local schools,5
797,govt announce schools,5
2104,support wellbeing young,5
2242,total control education,5
1527,rates might spike,5
1415,please remember folks,5
2404,week make lost,5
782,go back uk,5
1803,schools may remain,5
803,govt total control,5
1971,signatory letter warned,5
802,govt thank much,5
2336,us govt thank,5
1557,remain closed september,5
919,inform plans reopening,5
1795,schools inform plans,5
107,back uk govt,5
1792,schools go back,5
2416,wellbeing young people,5
1143,mental health support,5
1812,schools opened prematurely,5
1284,official mufc donating,5
408,could need work,5
799,govt course scottish,5
807,grants mental health,5
1105,make lost learning,5
1409,plans reopening schools,5
1825,schools receive mulive,5
2141,teachers could need,5
2143,teachers financial grants,5
1153,might spike schools,5
728,found teachers could,5
2105,supported five tests,5
726,forget teachers financial,5
292,closures must forget,5
86,ase running series,5
1381,per week make,5
2015,spike schools opened,5
1758,schools ase running,5
598,education settings dont,5
1259,nicola sturgeon says,5
2264,two additional hours,5
326,cope new challenges,5
1123,may help scied,5
1773,schools coronavirus pandemic,5
2273,uk govt course,5
1348,parentkind used ncpta,5
1942,september coronavirus second,5
1897,scottish govt announce,5
1898,scottish govt total,5
1695,running series online,5
2040,still absent around,5
1346,parentkind parentkind used,5
1253,nhs education devolved,5
2183,tests wrote jointly,5
1379,people school closures,5
2184,thank much parentkind,5
1068,local schools coronavirus,5
1686,robert jenrick says,5
1229,new challenges find,5
1910,second wave fears,5
512,devolved holyrood please,5
1606,reopening ni schools,5
2226,today parentkind parentkind,5
951,jacquie white utu_edu,5
2024,staff nonresidential education,5
952,jenrick says government,5
1341,pandemic schools receive,5
866,holyrood please remember,5
1491,published guidance social,5
965,jointly us govt,5
1946,september target reopening,5
1208,need work well,5
59,announce schools go,5
1264,nonresidential education settings,5
1186,mufc donating local,5
1730,says scottish govt,5
25,additional hours per,5
1189,must forget teachers,5
1722,says government published,5
265,clarity still absent,5
322,control education like,5
1719,says education minister,5
387,coronavirus september target,5
1125,may remain closed,5
579,education devolved holyrood,5
2389,warned risk transmission,5
1887,scied community cope,5
386,coronavirus second wave,5
2075,sturgeon says scottish,5
528,distancing schools inform,5
2493,wrote jointly us,5
845,help scied community,5
305,community cope new,5
583,education like nhs,5
1441,ppe robert jenrick,5
1090,lost learning schools,5
1947,series online webinars,5
1680,risk transmission rates,5
1199,ncpta supported five,5
836,health support edsupportuk,5
2073,study found teachers,5
115,bbc news well,4
790,government angelarayner uklabour,4
2136,teacher ppe say,4
1442,ppe say ministers,4
228,children apart bbc,4
1751,school reopening issues,4
1447,practice guidance dfe,4
1532,read need ensure,4
2214,time since coronavirus,4
2341,us straight inbox,4
1665,revealed boris johnsons,4
166,bulletin subscribe latest,4
181,campaign fight future,4
162,british council campaign,4
1685,roadmap ease lockdown,4
149,bottom per cent,4
2322,updates us straight,4
1075,lockdown reopen schools,4
2378,wales keep eye,4
132,best practice guidance,4
1544,rebuttal andrew_adoniss criticism,4
1712,save british council,4
1713,say ministers closing,4
111,based political expediency,4
1089,loss fourweek school,4
352,coronavirus guidance schools,4
1460,principles determine education,4
1739,school closure equivalent,4
1015,learning loss fourweek,4
816,guidance schools subscribing,4
814,guidance dfe tips,4
2402,week education minister,4
2407,weeks someone thought,4
415,council campaign fight,4
2134,teacher bulletin subscribe,4
1207,need teacher ppe,4
1226,new best practice,4
995,last week education,4
996,last weeks someone,4
631,ensure schools clear,4
636,equivalent moving middleranking,4
944,issues gavinwilliamson government,4
998,latest coronavirus guidance,4
647,everyone seen new,4
461,cut closure nearly,4
657,excellent article school,4
1604,reopening issues gavinwilliamson,4
57,andrew_adoniss criticism schools,4
1202,need ensure schools,4
1883,schools wuhan reopen,4
1201,nearly schools due,4
1767,schools clear plan,4
452,criticism schools coronavirus,4
664,expediency covid_19 schools,4
1875,schools wales keep,4
999,latest updates us,4
2474,worth read need,4
220,child bottom per,4
674,eye faqs updated,4
2496,wuhan reopen first,4
557,due coronavirusrelated measures,4
1976,since coronavirus outbreak,4
2508,youve last weeks,4
565,ease lockdown reopen,4
971,keep eye faqs,4
232,children cep_lse study,4
1588,reopen schools shops,4
1317,organisation whose funding,4
1998,someone thought useful,4
978,key principles determine,4
2291,uklabour must consider,4
1948,set five key,4
584,education minister kirsty,4
591,education phased schools,4
1572,reopen first time,4
514,dfe tips youve,4
986,kirsty williams set,4
1935,seen new best,4
1247,news well worth,4
509,determine education phased,4
66,apart bbc news,4
58,angelarayner uklabour must,4
1373,pcs launched save,4
1835,schools reopen says,4
1159,minister kirsty williams,4
278,closing gap rebuttal,4
731,fourweek school closure,4
1864,schools subscribing teacher,4
2430,williams set five,4
2428,whose funding cut,4
1139,measures worldwide savebritishcouncil,4
283,closure equivalent moving,4
401,coronavirusrelated measures worldwide,4
1423,political expediency covid_19,4
756,funding cut closure,4
758,future organisation whose,4
285,closure nearly schools,4
760,gap rebuttal andrew_adoniss,4
2413,well worth read,4
763,gavinwilliamson government angelarayner,4
210,cent children cep_lse,4
1779,schools due coronavirusrelated,4
772,get latest coronavirus,4
380,coronavirus schools live,4
1774,schools coronavirus schools,4
82,article school reopening,4
1149,middleranking child bottom,4
1163,ministers closing gap,4
213,cep_lse study says,4
2079,subscribe latest updates,4
1188,must consider urgency,4
683,faqs updated information,4
2080,subscribing teacher bulletin,4
1380,per cent children,4
688,fight future organisation,4
1180,moving middleranking child,4
268,clear plan based,4
1002,launched save british,4
1391,phased schools wales,4
2221,tips youve last,4
1397,plan based political,4
703,first time since,4
704,five key principles,4
1568,reopen due abuse,3
997,later say experts,3
1004,leader uk roadmap,3
209,cavalcades hospitals protests,3
1028,let know decision,3
1579,reopen primary schools,3
180,cam_assessment advises educationgovuk,3
2318,unsafe workplaces sociallydistanced,3
1573,reopen follow live,3
987,know decision taken,3
1542,really to shut,3
2284,uk really to,3
1554,referrals spike councilscan,3
1551,reduce spread coronavirus,3
2285,uk roadmap ease,3
2317,unnoticed lockdown sure,3
1558,remain open ever,3
553,due abuse going,3
2339,us schools plan,3
1511,quickly cllrjudithblake tells,3
1233,new educendowfoundn school,3
1342,pandemic young children,3
1230,new coronavirus must,3
35,advises schoolclosureuk mentalhealth,3
2473,worst ever leader,3
40,ahead controversial plan,3
1354,parents explain current,3
46,almajiri schools cannot,3
47,almajiri schools state,3
48,almost eliminated new,3
1360,part measures reduce,3
2464,workplaces sociallydistanced actions,3
2454,workers england braced,3
68,apply got concern,3
1191,must one hell,3
1179,moves reopen primary,3
1387,phased reopening closures,3
34,advises educationgovuk years,3
1236,new studies add,3
2479,would most likely,3
1258,ni signatory letter,3
1299,open ever excellent,3
5,abuse going unnoticed,3
2505,young children weve,3
2500,years five prioritised,3
16,action today say,3
17,actions could include,3
1260,nicola sturgeon warned,3
1257,ni schools reopen,3
1242,news coronavirus september,3
20,actually schools remain,3
21,add evidence children,3
1254,nhs overwhelmed coronavirus,3
1324,outcome predominantly testing,3
23,adding govt considering,3
1328,overwhelmed coronavirus within,3
26,address subject safe,3
1174,most likely see,3
1389,phased return jacquie,3
1172,months nicola sturgeon,3
1078,lockdown well actually,3
2397,we didnt want,3
1456,primary schools scotland,3
1458,primary tertiary institutions,3
1095,macron ploughs ahead,3
1461,prioritised schools start,3
2383,want shut schools,3
1478,protests possible moves,3
1077,lockdown sure apply,3
1110,manner education covid19,3
146,boris johnsons boristhebutcher,3
148,boristhebutcher worst ever,3
152,braced surge referrals,3
2351,utu_edu ni signatory,3
1505,put place referrals,3
1506,put together tips,3
1052,likely see nhs,3
1455,primary schools extendthelockdown,3
1121,matthancock says uk,3
1396,place referrals spike,3
1141,meeting teachers islamic,3
2439,wont rushed back,3
1399,plan phased reopening,3
1400,plan reopen schools,3
1160,minister peter weir,3
2435,within two months,3
1404,planned schools reopen,3
1407,plans put place,3
1138,measures reduce spread,3
105,back school coronavirus,3
2425,white utu_edu ni,3
1419,ploughs ahead controversial,3
2418,weve put together,3
1430,possible moves reopen,3
1129,may transmit coronavirus,3
1582,reopen says weir,3
2409,weir hints phased,3
2410,well actually schools,3
1635,resources added today,3
1584,reopen schools despite,3
426,covid19 adding govt,3
785,going unnoticed lockdown,3
1769,schools colleges help,3
1770,schools colleges matthancock,3
774,get right help,3
1777,schools despite warnings,3
2127,taken primary tertiary,3
1788,schools extendthelockdown returningtowork,3
752,fully reopening primary,3
400,coronavirus within two,3
405,could include cavalcades,3
2108,sure apply got,3
1820,schools plan phased,3
1826,schools remain open,3
2106,supportive manner education,3
2101,support resources added,3
416,councilscan ensure children,3
1830,schools reopen due,3
419,country part measures,3
714,follow live askthehealthsecretary,3
1763,schools cannot exception,3
788,got concern say,3
798,govt considering reopen,3
1717,say something keepkidssafec19,3
861,hints phased return,3
1699,rushed back school,3
2173,tertiary institutions closed,3
847,help spread covid19,3
1704,safe supportive manner,3
842,help quickly cllrjudithblake,3
839,hell lockdown well,3
1715,say return unsafe,3
2159,teachers wont rushed,3
811,group cam_assessment advises,3
1731,says uk really,3
1732,says weir hints,3
1741,school closure support,3
360,coronavirus must one,3
2149,teachers parents explain,3
2146,teachers islamic almajiri,3
1746,school coronavirus covid19,3
812,guarantee ni schools,3
1836,schools reopen september,3
705,five prioritised schools,3
335,coronavirus covid19 schoolsreopening,3
2094,support edsupportuk advises,3
493,decision taken primary,3
621,england braced surge,3
1925,see nhs overwhelmed,3
2020,spread covid19 adding,3
2017,spread coronavirus almajiri,3
614,emmanuel macron ploughs,3
613,eliminated new coronavirus,3
606,educendowfoundn school closure,3
605,educationgovuk years five,3
2013,spike councilscan ensure,3
518,didnt want shut,3
521,difficult teachers parents,3
2000,something keepkidssafec19 covid19,3
1945,september says education,3
585,education minister peter,3
578,education covid19 teachers,3
576,edsupportuk advises schoolclosureuk,3
1994,sociallydistanced actions could,3
1992,social workers england,3
2033,state let know,3
630,ensure children families,3
474,day action today,3
2077,subject safe supportive,3
432,covid19 schoolsreopening neu,3
433,covid19 teachers parents,3
1854,schools scotland would,3
1858,schools start return,3
1860,schools state let,3
679,families get right,3
673,extendthelockdown returningtowork coronavirus,3
671,explain current pandemic,3
2068,studies add evidence,3
1288,one hell lockdown,3
659,exclusive exam group,3
658,excellent outcome predominantly,3
457,current pandemic young,3
653,exam group cam_assessment,3
648,evidence children may,3
646,ever leader uk,3
645,ever excellent outcome,3
471,date planned schools,3
2189,theres day action,3
1896,scotland would most,3
2223,to shut schools,3
270,closed country part,3
235,children families get,3
297,colleges matthancock says,3
241,children may transmit,3
896,iceland almost eliminated,3
314,considering reopen follow,3
885,hospitals protests possible,3
2230,together tips address,3
2219,tips address subject,3
2228,today say return,3
269,cllrjudithblake tells independent,3
1669,right help quickly,3
308,concern say something,3
943,islamic almajiri schools,3
1661,return unsafe workplaces,3
2266,two months nicola,3
957,johnsons boristhebutcher worst,3
249,children weve put,3
1608,reopening primary schools,3
1600,reopening closures later,3
1653,return jacquie white,3
296,colleges help spread,3
1664,returningtowork coronavirus covid19,3
1591,reopen september says,3
323,controversial plan reopen,3
289,closures later say,3
928,institutions closed country,3
330,coronavirus almajiri schools,3
286,closure support resources,3
910,include cavalcades hospitals,3
1861,schools stay closed,2
2470,worrying illustration long,2
1374,peak coronavirus pandemic,2
2050,strange uncertain time,2
2035,stay closed tes,2
1642,restart economy schools,2
1901,screens students desks,2
2254,transmit coronavirus experts,2
1609,reopening schools aren,2
1345,parent uk childs,2
1376,people coping coronavirus,2
2307,unions really minister,2
1904,seced readers schoolclosureuk,2
1905,seced_education looks ranking,2
1607,reopening northern irelands,2
2256,trauma informed approach,2
1625,reports covid19uk covid19,2
1865,schools support homeschooling,2
1562,remote online learning,2
1626,reports suggest may,2
2461,working resources info,2
1365,past peak coronavirus,2
2238,tools coronavirus passed,2
2064,students subject tom_middlehurst,2
2071,studies mainly might,2
1880,schools working resources,2
1867,schools teachers asked,2
2078,subject tom_middlehurst seced_education,2
1636,resources info please,2
1364,passed schools reopen,2
2462,working schools nurseries,2
2306,unions open schools,2
2453,workers call schools,2
1888,science allows must,2
2062,students desks prevent,2
2029,staggered next six,2
1691,route coronavirus lockdown,2
2295,understand schools support,2
1344,paramount coronavirus covid,2
1576,reopen health safety,2
1593,reopen think learning,2
1949,set plan restart,2
1950,set reopening northern,2
2497,wuhan schools put,2
1997,solutions needed local,2
2499,year olds unique,2
1315,order award summer,2
1313,opinion comment like,2
1954,share opinion comment,2
1956,sheffactioncom neusheffield council_trades,2
1577,reopen long term,2
1303,open schools prematurely,2
1302,open schools make,2
2506,young people coping,2
1961,short space time,2
1965,shut exams cancelled,2
1967,shutdown reports suggest,2
1295,online learning running,2
1294,online learning crisis,2
1986,soar many us,2
1985,snp schools read,2
1982,six months pippacrerar,2
2277,uk june would,2
1999,something cornwalls schools,2
1944,september please rt,2
1334,pages pages anonymous,2
1920,sector soon science,2
1602,reopening following coronavirus,2
1927,see schools best,2
2293,ulster teachers union,2
2448,worker children receive,2
1340,pandemic schools education,2
2477,would like see,2
2484,would send child,2
1928,see schools nurseries,2
1335,pandemic adds next,2
1931,see young people,2
2004,soon science allows,2
2016,spike transmission coronavirus,2
1598,reopened uk june,2
1333,pages anonymous case,2
2269,uk childs school,2
1936,send child wait,2
1570,reopen fans could,2
2010,space time give,2
2270,uk coronavirus live,2
2009,space give us,2
2287,uk wide safe,2
2082,suggest cases could,2
1847,schools resume offices,2
2083,suggest may start,2
2405,week set plan,2
1740,school closure it,2
1459,prime minister boris,2
1520,rank students subject,2
1521,ranking may important,2
2340,us space give,2
1453,prevent virus goodschoolsuk,2
1747,school leaders support,2
1452,prematurely jacquie white,2
1750,school meals didn,2
2140,teachers asked grade,2
1756,schools also ensure,2
2343,us understand schools,2
1757,schools aren what,2
1759,schools best circumstances,2
2406,weeks school closure,2
2334,us crisis covid,2
2135,teacher parent uk,2
1660,return something cornwalls,2
2408,weir coronavirus covid19,2
1765,schools children return,2
1533,readers schoolclosureuk mentalhealth,2
2333,us credit give,2
1737,school closed please,2
2213,time give us,2
1857,schools shut exams,2
2171,term funding issues,2
2352,utu_edu northern ireland,2
1694,rt poll share,2
2362,virus goodschoolsuk via,2
1696,running short space,2
2174,tes sheffactioncom neusheffield,2
1499,pupils bereaved facing,2
2197,think filling survey,2
2370,voice would like,2
1700,safe open schools,2
2172,term sustainable funding,2
2198,think learning done,2
2390,warned unions open,2
2374,vulnerable key worker,2
2375,wait september please,2
1504,put folding plastic,2
1707,safety wellbeing working,2
2204,thousands children logging,2
1708,said new data,2
2382,want hear year,2
1711,said uk past,2
2348,using digital tools,2
2206,thrall defeatist unions,2
2332,us communities schools,2
1781,schools education schoolsupport,2
1657,return schools also,2
1395,pippacrerar reports covid19uk,2
1403,plan staggered next,2
2100,support pupils bereaved,2
1543,reassuring see schools,2
1833,schools reopen long,2
1546,receive local authority,2
1837,schools reopen soon,2
1839,schools reopen think,2
2441,work alongside colleagues,2
2096,support homeschooling think,2
1547,receive nutritious meals,2
2235,tom_middlehurst seced_education looks,2
2125,take look interview,2
1842,schools reopened uk,2
1648,resume offices reopen,2
2093,support edsupportuk advise,2
1846,schools restaurants could,2
2356,vectors coronavirus schoolsreopening,2
1388,phased reopening following,2
1647,restrictions go see,2
2084,summer gcses levels,2
1852,schools says education,2
1643,restaurants could reopen,2
2311,unique experiences strange,2
2432,winstonswish school leaders,2
2320,updates date set,2
1824,schools put folding,2
2119,swinney thrall defeatist,2
2115,sustainable funding solutions,2
2281,uk past peak,2
1785,schools ensure vulnerable,2
1426,poll share opinion,2
2331,us break ofsted,2
2111,survey homeschooling coronavirus,2
2225,today highlighted importance,2
1801,schools make children,2
1804,schools moved mountains,2
1416,please rt poll,2
1541,really minister guide,2
1807,schools nurseries must,2
1808,schools nurseries reopen,2
2426,white utu_edu northern,2
1819,schools phased reopening,2
2429,wide safe open,2
1652,return football matches,2
1414,please help us,2
1822,schools prematurely jacquie,2
1410,plastic screens students,2
2415,wellbeing working schools,2
1255,nhs workers call,2
284,closure it late,2
1045,like covid19 coronavirusuk,2
1067,local government cipfa,2
1066,local authority grant,2
447,crisis want hear,2
445,crisis schools moved,2
1060,live updates date,2
441,crisis covid coronavirus,2
440,credit give us,2
176,call schools stay,2
744,free school meals,2
435,covid19uk covid19 schools,2
185,cancelled restrictions go,2
431,covid19 schools restaurants,2
427,covid19 coronavirusuk coronavirus,2
1048,like see schools,2
422,covid coronavirus snp,2
1071,lockdown fivestage plan,2
194,case studies demonstrating,2
414,could soar many,2
195,case studies mainly,2
757,funding solutions needed,2
1038,levels schools teachers,2
197,cases could soar,2
759,futureitaly reopening schools,2
412,could return football,2
766,gcses levels schools,2
410,could reopen fans,2
773,get online learning,2
1021,left behind interview,2
777,give us break,2
1017,learning running short,2
160,britains route coronavirus,2
338,coronavirus crisis want,2
1014,learning home lots,2
1098,mainly might find,2
127,bereaved facing bereavement,2
1124,may important grading,2
1122,may children globally,2
128,bereavement charity winstonswish,2
1113,many us communities,2
694,filling survey homeschooling,2
129,bereavement due coronavirus,2
473,date set reopening,2
133,best return schools,2
697,find reassuring see,2
700,first four weeks,2
470,data suggest cases,2
707,fivestage plan staggered,2
1103,make children vectors,2
712,folding plastic screens,2
156,breaking news guarantee,2
466,daily debate may,2
716,following coronavirus shutdown,2
1092,lottery thousands children,2
1091,lots using digital,2
1088,looks ranking may,2
145,boris johnson said,2
1087,look interview childhood,2
459,currently learning home,2
730,four weeks school,2
1086,look best return,2
1083,long term sustainable,2
1082,long term funding,2
1081,logging home education,2
155,break ofsted twiddle,2
778,give us credit,2
1013,learning done digitally,2
682,fans could return,2
908,important grading ssat,2
277,closed tes sheffactioncom,2
362,coronavirus nhs workers,2
941,irelands schools says,2
937,ireland signatory letter,2
293,colleagues schools ensure,2
931,interview childhood bereavement,2
358,coronavirus lockdown fivestage,2
300,comment like covid19,2
927,inspection remote online,2
834,health safety wellbeing,2
921,informed approach schools,2
304,communities schools reopen,2
918,info please visit,2
838,hear year olds,2
906,importance trauma informed,2
946,it late apply,2
901,illustration long term,2
849,help us understand,2
320,continues work alongside,2
349,coronavirus experts said,2
347,coronavirus education ministers,2
859,highlighted importance trauma,2
327,coping coronavirus crisis,2
328,cornwalls schools working,2
879,homeschooling think filling,2
329,coronavirus affecting aspects,2
878,homeschooling coronavirus covid19,2
867,home education hapless,2
333,coronavirus covid covid19uk,2
870,home lots using,2
826,hc3s6 continues work,2
366,coronavirus pandemic adds,2
1012,learning crisis schools,2
244,children receive nutritious,2
779,give us space,2
1008,leaders support pupils,2
219,charity winstonswish school,2
780,globally currently learning,2
784,go see young,2
222,child left behind,2
224,child wait september,2
787,goodschoolsuk via mailonline,2
227,childhood bereavement charity,2
791,government cipfa worrying,2
234,children eligible free,2
237,children globally currently,2
979,key worker children,2
239,children logging home,2
245,children return something,2
272,closed please help,2
389,coronavirus snp schools,2
248,children vectors coronavirus,2
804,grade rank students,2
806,grant first four,2
388,coronavirus shutdown reports,2
968,june would send,2
384,coronavirus schoolsreopening notherdimmunity,2
255,childs school closed,2
818,guide us crisis,2
260,cipfa worrying illustration,2
956,johnson said uk,2
372,coronavirus passed schools,2
954,john swinney thrall,2
823,hapless john swinney,2
1128,may start june,2
1072,lockdown lottery thousands,2
340,coronavirus daily debate,2
654,exams cancelled restrictions,2
1192,must paramount coronavirus,2
1190,must look best,2
554,due coronavirus pandemic,2
27,adds next week,2
1267,northern ireland signatory,2
516,didn receive local,2
1268,northern irelands schools,2
604,educationgovuk today highlighted,2
87,asked grade rank,2
1162,minister weir coronavirus,2
597,education sector soon,2
1178,moved mountains get,2
1176,mountains get online,2
595,education schoolsupport bereavement,2
1173,months pippacrerar reports,2
90,aspects education sector,2
1167,ministers warned unions,2
590,education ministers warned,2
523,digital tools coronavirus,2
1251,next week set,2
612,eligible free school,2
1286,olds unique experiences,2
1231,new data suggest,2
45,allows must look,2
50,alongside colleagues schools,2
51,also ensure child,2
1241,news coronavirus schools,2
1218,needs uk wide,2
1243,news guarantee ni,2
63,anonymous case studies,2
38,affecting aspects education,2
70,approach schools children,2
526,dispatches futureitaly reopening,2
1210,needed local government,2
33,advise seced readers,2
1249,next six months,2
629,ensure child left,2
73,aren what parent,2
632,ensure vulnerable key,2
496,defeatist unions really,2
506,desks prevent virus,2
586,education minister weir,2
100,award summer gcses,2
1277,nutritious meals coronavirus,2
667,experiences strange uncertain,2
1156,minister boris johnson,2
122,behind interview skynews,2
1157,minister guide us,2
581,education hapless john,2
574,economy schools resume,2
575,edsupportuk advise seced,2
676,facing bereavement due,2
1151,might find reassuring,2
489,debate may children,2
491,decision needs uk,2
1274,nurseries must paramount,2
669,experts said new,2
97,authority grant first,2
1275,nurseries reopen health,2
1285,ofsted twiddle thumbs,2
1136,meals didn receive,2
1135,meals coronavirus pandemic,2
375,coronavirus premature opening,1
2179,testing staff students,1
374,coronavirus ppe needed,1
1962,short stories help,1
564,early years staff,1
1963,showing likely scenario,1
373,coronavirus pay teachers,1
548,dr robin bevan,1
1978,since schools closed,1
2178,testing essential workers,1
367,coronavirus pandemic book,1
2177,testing children teachers,1
376,coronavirus prey kids,1
1981,situation control cross,1
1980,sister alice os,1
546,download we ll,1
341,coronavirus date schools,1
390,coronavirus social workers,1
2182,tests ppe teacher,1
544,dont rush reopen,1
2123,tailored home teaching,1
1959,shops clear boris,1
1987,social distancing demands,1
2124,take economic hit,1
545,doors source sky,1
567,eased vitally important,1
378,coronavirus restrictions eased,1
1984,small increase number,1
2126,take responsibilities schools,1
2181,tests positive death,1
2180,tests govt opens,1
1983,sky news lockdownextension,1
547,downloadable resources information,1
566,ease see denmark,1
2138,teacher unions fighting,1
381,coronavirus schools paying,1
2137,teacher unions across,1
364,coronavirus outbreak visit,1
549,drama schools option,1
353,coronavirus humiliation school,1
2153,teachers schools proudtoteach,1
356,coronavirus live raab,1
355,coronavirus live health,1
1968,shuttered businesses elementary,1
2156,teachers union one,1
2169,ten teacher unions,1
562,early reopen schools,1
2157,teachers union utu,1
354,coronavirus live early,1
563,early uks battle,1
550,drawn neunion call,1
2160,teachers work summer,1
2161,teachers would worried,1
2162,teachfirst paying teachers,1
2163,teaching coronavirus outbreak,1
351,coronavirus guidance needed,1
2165,teaching unions come,1
350,coronavirus guarantee ni,1
2166,team still working,1
2167,tells bbcbreakfast believes,1
559,dying coronavirus denied,1
1970,signatories letter warns,1
2121,system post covid,1
348,coronavirus exit strategy,1
365,coronavirus page added,1
1975,simple change like,1
2176,testing act quickly,1
1964,shows schools reopening,1
2142,teachers dying coronavirus,1
363,coronavirus outbreak homeschoolinguk,1
344,coronavirus denied tests,1
2144,teachers first successful,1
2145,teachers help childrens,1
1973,significant caution plans,1
345,coronavirus dominicraab warned,1
2147,teachers may worried,1
2148,teachers overtime work,1
361,coronavirus new york,1
555,due coronavirus weve,1
359,coronavirus many thinking,1
346,coronavirus dont rush,1
556,due coronavirus worth,1
357,coronavirus live sydney,1
1989,social distancing within,1
2037,stayathome disaster either,1
2120,sydney school closed,1
2067,studentsunitefundraiser instagram details,1
2060,student tests positive,1
2061,students across schools,1
464,cyber security coronavirus,1
2063,students national plan,1
497,demands headteachers ascl_uk,1
458,currently closed team,1
2023,staff able access,1
498,demonstrating innovation flexibility,1
499,demonstrating remote education,1
500,denied tests ppe,1
2066,studentsunite campaign led,1
2019,spread coronavirus uk,1
392,coronavirus tests govt,1
2018,spread coronavirus apparent,1
454,cultural workers touts,1
2069,studies demonstrating innovation,1
2070,studies demonstrating remote,1
453,cross party ukgovt,1
501,denmark experience schools,1
451,criticism hes done,1
450,critical workers access,1
2074,stuff matters heads,1
449,criteria eligible children,1
448,criteria drawn neunion,1
495,dedicated childrens resource,1
2059,string obstacles reopening,1
2058,striking graph showing,1
2027,staff pupils parents,1
2039,stewart tells bbcbreakfast,1
479,deal expected rise,1
2041,still working continue,1
2042,stop coronavirus new,1
478,deadly second wave,1
477,days limit covid,1
476,days days limit,1
481,death rate europe,1
483,death toll hits,1
2046,stories help raise,1
2047,stories kids lockdown,1
2048,stpaulsgirlsschool spgs creativity,1
484,death toll rises,1
490,decision making doc,1
2031,starting back autumn,1
472,date schools reopen,1
2051,strategy read nasuwt,1
494,decisions reopening schools,1
468,dangerous uk political,1
2054,street please approach,1
2055,street priority keep,1
2028,staff students national,1
467,dangerous reopen schools,1
504,design play helping,1
442,crisis dearjohnbyrne offers,1
2081,sufficient evidence public,1
413,could see thousands,1
2001,son career track,1
407,could make big,1
406,could include staysafestayhome,1
404,could end august,1
399,coronavirus weve created,1
398,coronavirus via mailonline,1
397,coronavirus update might,1
527,distancing demands headteachers,1
395,coronavirus uk covid19,1
530,distancing testing children,1
480,dearjohnbyrne offers tips,1
1996,solutions four key,1
532,district half number,1
2114,surveys please complete,1
534,dominic raab latest,1
1993,social workers union,1
394,coronavirus to open,1
2116,sweden bucked conventional,1
536,dominicraab warned last,1
540,done enough culture,1
541,done halt spread,1
2117,swgfl_official written article,1
393,coronavirus thread sharing,1
2002,soon need sufficient,1
2003,soon say schools,1
2014,spike says foreign,1
2103,support schools parents,1
439,creating spike transmission,1
438,created two surveys,1
513,dfe guidance critical,1
436,covid_19 homes multiplied,1
2086,summer schools disadvantaged,1
515,didjourdan michaelmarmot important,1
2088,summer schools tes,1
434,covid19 try home,1
517,didnt want commit,1
2090,supermarkets simple change,1
2091,support activity involvement,1
2092,support cultural workers,1
519,difference bbc news,1
2008,space evolve coronavirus,1
425,covid spread coronavirus,1
522,digital hannaheboland coronavirus,1
421,course time visiting,1
2098,support human stuff,1
418,countries following lockdown,1
417,counties follow studentsunitefundraiser,1
2006,source sky news,1
525,disadvantaged children coronavirus,1
2102,support schools families,1
531,distancing within schools,1
1287,one district half,1
2186,the evidence wouldnt,1
2403,week getting economy,1
103,back autumn likely,1
110,based criteria eligible,1
112,battle coronavirus many,1
116,bbcbreakfast believes closing,1
118,bbcradiofoyle education schools,1
119,becoming offices nurseries,1
120,bed worst case,1
85,artists help schools,1
2400,web page information,1
123,behind labour mp,1
2398,we ll adding,1
124,behind schools go,1
2396,we could see,1
125,believe reopening schools,1
102,b4 risk free,1
2411,well supermarkets simple,1
99,available schools well,1
2414,wellbeing covid19 try,1
98,autumn likely really,1
2417,weve created two,1
95,australia coronavirus live,1
2419,what role design,1
2420,whats leading governments,1
94,august pubs restaurants,1
92,attend schools settings,1
2423,white interviewed evening,1
2424,white ulster teachers,1
91,associated partners swgfl_official,1
2427,wholeheartedly support human,1
89,asks aj richard,1
88,asked take responsibilities,1
2394,wave coronavirus dominicraab,1
2393,warns very real,1
2392,warning rush reopen,1
2371,voucher funding available,1
158,briefing seeing progress,1
2357,vegetable plots conference,1
2358,very real risk,1
2359,very striking graph,1
154,break it productive,1
2361,view schools coronavirus,1
150,bought stpaulsgirlsschool spgs,1
147,boris johnsons roadmap,1
2365,visit dedicated childrens,1
2366,visiting prospective drama,1
2367,visuals section includes,1
2368,vitally important absolutely,1
144,boris johnson cabinet,1
143,boris accept situation,1
2372,vouchers fail till,1
126,believes closing schools,1
142,book stories kids,1
140,blanket reopening schools,1
137,big difference bbc,1
2376,waite penoyreprasads markrowelondon,1
136,bevan writes seced,1
135,betterto take economic,1
2379,wales scotland northern,1
2380,want commit time,1
2381,want hear families,1
130,best practice articles,1
2385,warn premature reopening,1
2386,warn string obstacles,1
2387,warned last night,1
2388,warned reopening schools,1
2431,williamson warned tes,1
2433,wisdom countries following,1
159,britain worst death,1
28,adequately funded deal,1
2491,written education ministers,1
2490,written article cyber,1
2489,writes seced coronavirusuk,1
24,adding resources send,1
2487,wouldnt able open,1
2486,would worried returning,1
2483,would safe reopen,1
2434,within schools reopened,1
2482,would risk second,1
2481,would risk deadly,1
2480,would rise level,1
29,advice free downloadable,1
2478,would love gmb,1
2476,would foolish thing,1
22,added new section,1
19,activity involvement programmes,1
18,activities support schools,1
2495,wuhan know personally,1
14,act quickly enough,1
13,across uk urge,1
2498,y7 illustrated ebook,1
11,across schools universities,1
10,across england reopen,1
2501,years staff able,1
9,according teachfirst paying,1
2503,york times norway,1
8,access schools educational,1
7,access free coronavirus,1
6,accept situation control,1
4,absolutely possible do,1
2,able open schools,1
37,affected coronavirus pandemic,1
39,agata l6thand sister,1
2472,worst death rate,1
2450,workers based criteria,1
84,articles support schools,1
2436,without real risk,1
2437,wonder many close,1
83,article today architectsjrnal,1
81,article reopening schools,1
80,article elashton existential,1
79,article cyber security,1
78,art commissioning programme,1
2443,work didjourdan michaelmarmot,1
2444,work remotely teachers,1
76,arrested made answer,1
2447,worked fighting coronavirus,1
72,aren really involved,1
2449,workers access schools,1
69,approach always safe,1
2471,worst case scenario,1
67,apparent people fight,1
64,answer happened enough,1
2455,workers essential workers,1
54,always safe distance,1
2458,workers touts public,1
2459,workers union said,1
2460,working continue support,1
53,although ukgerman connection,1
2463,workingclass themselves join,1
2465,world economy experience,1
2467,worried possible security,1
2468,worried returning packed,1
44,alice os raised,1
43,aj richard waite,1
2353,utv live warned,1
2350,utu jacquie white,1
2187,the thought reopening,1
282,closing schools worked,1
2244,touts public art,1
276,closed team still,1
2241,topic unescochairghe iaahglobal,1
279,closing help stop,1
2239,top tip teachers,1
281,closing schools events,1
569,economic hit former,1
251,childrens learning wellbeing,1
295,collection case studies,1
2233,toll hits latest,1
298,come together others,1
301,commissioning programme calls,1
2229,together others across,1
302,commit time frame,1
2245,track coronavirus crisis,1
275,closed student tests,1
2247,trade unions warn,1
273,closed protect staff,1
271,closed due coronavirus,1
2251,transmission coronavirus premature,1
2252,transmission rate would,1
267,clear boris accept,1
266,classrooms threat coronavirus,1
2255,transmit coronavirus to,1
2257,travel advice schools,1
2258,travel work coronavirus,1
2259,trips schoolsweek via,1
259,choose right course,1
253,childrens resource web,1
2263,try home learning,1
252,childrens recycling resources,1
2227,today proud work,1
303,communication interaction coronavirus,1
2224,today architectsjrnal waitey,1
321,control cross party,1
2188,themselves join us,1
336,coronavirus crisis dearjohnbyrne,1
334,coronavirus covid19 earlyyears,1
2192,theyve asked take,1
2193,thing isdeath rates,1
332,coronavirus boris johnson,1
331,coronavirus apparent people,1
325,conversation read full,1
2200,think soon need,1
2201,thinking might cause,1
2202,thought reopening fully,1
2203,thousands cancelled pgl,1
324,conventional wisdom countries,1
2205,thousands children really,1
2207,thread sharing pack,1
306,complete share network,1
2208,threat coronavirus eliminated,1
2209,threat facing childcare,1
318,continue work remotely,1
2212,time frame bbcradiofoyle,1
317,continue support activity,1
312,connection office currently,1
2215,time visiting prospective,1
311,confirmed early years,1
2217,times norway planning,1
2218,tip teachers help,1
309,conference centres experiencing,1
2220,tips help child,1
307,comprehensive plan next,1
2222,to open schools,1
2265,two largest teaching,1
2267,two surveys please,1
163,bucked conventional wisdom,1
187,care counties follow,1
184,cancelled pgl trips,1
2328,urgently needed b4,1
2327,urgent medical care,1
186,cannot make plans,1
2325,urged enforce days,1
2324,urge significant caution,1
191,career track coronavirus,1
250,children young people,1
2321,updates remote education,1
192,carers children young,1
2319,update might see,1
193,case scenario dreadful,1
2316,unlikely reopen end,1
2314,universities uniting fund,1
182,campaign led agata,1
179,calls artists help,1
178,calling schools reopen,1
177,call testing staff,1
2335,us friday pm,1
2337,us links could,1
175,call kinder school,1
174,cabinet minister rory,1
173,cabinet arrested made,1
172,businesses wonder many,1
2342,us street priority,1
171,businesses schools see,1
170,businesses panic receding,1
169,businesses elementary schools,1
165,built kindness idea,1
2347,uses becoming offices,1
164,bugs like coronavirus,1
2313,unity urgently needed,1
2312,uniting fund urgent,1
202,cause second wave,1
2292,uks battle coronavirus,1
247,children teachers first,1
243,children really left,1
238,children left behind,1
236,children ft distancing,1
233,children coronavirus restrictions,1
230,children attend schools,1
229,children aren really,1
2282,uk political leaders,1
2283,uk political opposition,1
225,childcare providers say,1
2286,uk urge significant,1
2289,ukgerman connection office,1
2290,ukgovt national unity,1
221,child choose right,1
218,charities protecting affected,1
2309,unions warn premature,1
217,change like could,1
216,challenging member view,1
215,challenges risk overlooked,1
2298,unescochairghe iaahglobal ncdchild,1
2299,uninvestigated notion children,1
2300,union one signatories,1
2301,union said sector,1
2302,union utu jacquie,1
2303,unions across uk,1
2304,unions come together,1
2305,unions fighting hard,1
211,centres experiencing fragility,1
206,caution plans reopen,1
203,causing risk spike,1
568,ebook short stories,1
1899,scottish gvt schools,1
570,economiesonly thing isdeath,1
1514,raab says would,1
1522,rash decisions reopening,1
1519,range case studies,1
1518,range best practice,1
1517,raised msf students,1
1516,raise money charities,1
1515,rabb blanket reopening,1
1513,raab latest covid19,1
1056,live early reopen,1
1512,quickly enough lockdown,1
1049,likely really didnt,1
1051,likely scenario shows,1
1053,limit covid spread,1
1054,links could include,1
1507,putneyfleur says running,1
1523,rate europe coronavirus,1
1044,like could make,1
1525,rate transmission rate,1
1526,rate would rise,1
1043,like coronavirus prey,1
1528,rates rise lockdowns,1
1041,life since schools,1
1530,read full article,1
1531,read nasuwt neunion,1
1039,liabilities businesses wonder,1
1037,level would risk,1
1535,real risk creating,1
1536,real risk rate,1
1537,really didnt want,1
1538,really involved would,1
1035,letter warns very,1
1540,really left behind,1
1055,listen jacquie white,1
1057,live health secretary,1
1955,sharing pack free,1
1469,progress progress fragile,1
1480,providers say piece,1
1479,proud work didjourdan,1
1474,protecting affected coronavirus,1
1473,protect staff pupils,1
1472,prospective drama schools,1
1470,promised support cultural,1
1468,progress fragile need,1
1058,live raab says,1
1467,programmes heres contact,1
1466,programme calls artists,1
1464,productive tips see,1
1462,priority keep network,1
1093,love gmb pgltravel,1
1096,macrons promised support,1
1080,lockdowns resumethe world,1
1079,lockdown work schools,1
1076,lockdown shuttered businesses,1
1069,lockdown bought stpaulsgirlsschool,1
1487,public art commissioning,1
1488,public health england,1
1490,published collection case,1
1063,ll lay comprehensive,1
1493,published range best,1
1494,published today proud,1
1062,ll adding resources,1
1496,pubs restaurants open,1
1497,pupils asks aj,1
1061,live warned reopening,1
1500,pupils coronavirus outbreak,1
1501,pupils parents uk,1
1059,live sydney school,1
1029,lets open schools,1
1023,left behind schools,1
1022,left behind labour,1
963,joins conversation read,1
953,john mcgowan general,1
955,johnson cabinet arrested,1
958,johnsons roadmap ease,1
1597,reopened safe travel,1
961,join us friday,1
1595,reopened find solutions,1
966,june could end,1
1545,receding economiesonly thing,1
1592,reopen teachers dying,1
967,june early uks,1
1590,reopen schools williamson,1
1589,reopen schools theipaper,1
1587,reopen schools scotland,1
1586,reopen schools official,1
1603,reopening fully challenging,1
950,jacquie white ulster,1
1605,reopening leading small,1
949,jacquie white interviewed,1
948,its betterto take,1
947,it productive tips,1
1610,reopening schools businesses,1
1611,reopening schools june,1
942,isdeath rates rise,1
1613,reopening schools next,1
1614,reopening schools part,1
1615,reopening schools prematurely,1
1616,reopening schools published,1
1617,reopening schools standardnews,1
939,ireland written education,1
936,ireland republic warning,1
934,involvement programmes heres,1
970,keep closed protect,1
972,keep network flowing,1
1583,reopen schools bugs,1
993,labour mp putneyfleur,1
1020,led agata l6thand,1
1019,learning wellbeing covid19,1
1548,recession like coronavirus,1
1550,recycling resources tailored,1
1016,learning minutes minute,1
1010,leading small increase,1
1009,leading governments rash,1
1007,leaders englands two,1
1005,leaders calling schools,1
1560,remote education practice,1
1561,remote education travel,1
1003,lay comprehensive plan,1
1563,remotely teachers may,1
994,largest teaching unions,1
992,l6thand sister alice,1
973,keep number needs,1
990,know personally think,1
988,know exactly reopened,1
1569,reopen end may,1
985,kindness idea wholeheartedly,1
1571,reopen far risky,1
984,kinder school system,1
982,kids lockdown bought,1
981,kids experts warn,1
980,keyworkers street please,1
977,key challenges risk,1
1578,reopen phases says,1
975,keep son career,1
974,keep schools safe,1
1581,reopen says peter,1
1097,made answer happened,1
1457,primary schools unlikely,1
1102,make big difference,1
1235,new section visuals,1
1219,network flowing homes,1
1220,network parents carers,1
1221,neunion call testing,1
1224,neunion ucu others,1
1343,panic receding economiesonly,1
1232,new dfe guidance,1
1237,new york times,1
1369,pay teachers work,1
1239,news britain worst,1
1240,news coronavirus humiliation,1
1336,pandemic book stories,1
1244,news lockdownextension coronavirus,1
1248,next month would,1
1332,page information recycle,1
1349,parents believe reopening,1
1350,parents carers children,1
1351,parents confidence safe,1
1217,needs restrictions ease,1
1216,needs done halt,1
1355,parents schoolclosuresuk download,1
1356,parents uk political,1
1215,needing hospital bed,1
1214,needed social distancing,1
1359,part government coronavirus,1
1212,needed schools government,1
1362,partners swgfl_official written,1
1363,party ukgovt national,1
1209,needed b4 risk,1
1206,need sufficient evidence,1
1203,need get keep,1
1198,national unity urgently,1
1331,page added new,1
1330,packed classrooms threat,1
1329,pack free maths,1
1272,number needs restrictions,1
1291,one signatories letter,1
1292,online childrens recycling,1
1283,official death toll,1
1282,offices urged enforce,1
1281,offices nurseries schools,1
1280,office currently closed,1
1279,offers tips help,1
1298,open doors source,1
1278,obstacles reopening schools,1
1276,nurseries schools vegetable,1
1304,open schools uninvestigated,1
1305,open schools without,1
1306,open schools yet,1
1273,number people needing,1
1309,opening schools goqradio,1
1250,next week getting,1
1310,opening schools one,1
1271,number children ft,1
1312,opens testing essential,1
1270,notion children aren,1
1314,opposition must rethink,1
1269,norway planning find,1
1266,northern ireland republic,1
1261,nicolasturgeon scotgov briefing,1
1320,os raised msf,1
1321,others across uk,1
1322,outbreak homeschoolinguk free,1
1323,outbreak visit dedicated,1
1325,overlooked headteacher dr,1
1326,overtime work summer,1
1197,national plan social,1
1370,paying teachers overtime,1
1454,prey kids experts,1
1425,political opposition must,1
1432,possible security risks,1
1131,may worried possible,1
1429,possible do read,1
1428,positive death toll,1
1132,mcgowan general secretary,1
1133,meal voucher funding,1
1424,political leaders calling,1
1194,nasuwt neunion ucu,1
1134,meal vouchers fail,1
1422,pm says he,1
1421,pm education fightback,1
1418,plots conference centres,1
1417,pleased see article,1
1140,medical care counties,1
1433,postcovid return pupils,1
1127,may secondary schools,1
1120,matters heads call,1
1119,maths activities support,1
1439,ppe enough testing,1
1114,markrowelondon joins conversation,1
1112,many thinking might,1
1111,many parents believe,1
1444,ppe teacher unions,1
1445,practice articles support,1
1108,manage phased postcovid,1
1107,making schools reopen,1
1448,practice schools covid,1
1449,premature opening schools,1
1450,premature reopening schools,1
1451,prematurely causing risk,1
1106,make plans phased,1
1142,member view schools,1
1148,michaelmarmot important topic,1
1413,please complete share,1
1171,month would risk,1
1372,paying thousands cancelled,1
1375,penoyreprasads markrowelondon joins,1
1187,multiplied uses becoming,1
1377,people fight keep,1
1378,people needing hospital,1
1185,much needs done,1
1183,msf students across,1
1182,mp putneyfleur says,1
1382,personally think soon,1
1181,moving schools reopened,1
1384,pgl trips schoolsweek,1
1385,pgltravel explain coronavirus,1
1386,phased postcovid return,1
1390,phased return schools,1
1170,money charities protecting,1
1412,please approach always,1
1393,phases says education,1
1394,piece theyve asked,1
1169,minutes minute break,1
1168,minute break it,1
1398,plan next week,1
1164,ministers england wales,1
1161,minister rory stewart,1
1402,plan social distancing,1
1405,planning find opening,1
1406,plans phased return,1
1152,might see us,1
1408,plans reopen schools,1
1150,might cause second,1
1411,play helping schools,1
933,involved would foolish,1
932,interviewed evening utv,1
930,interesting range case,1
702,first successful stage,1
1851,schools safe workingclass,1
1850,schools return wuhan,1
692,fighting hard keep,1
696,find opening schools,1
1845,schools reopening leading,1
699,find solutions four,1
1841,schools reopened safe,1
1873,schools very striking,1
710,flexibility teachers schools,1
1838,schools reopen teachers,1
711,flowing homes hospitals,1
715,follow studentsunitefundraiser instagram,1
717,following huge criticism,1
718,following lockdown shuttered,1
691,fighting coronavirus via,1
1853,schools scotland says,1
690,fightback forum fivetests,1
1855,schools see keyworkers,1
1856,schools shops clear,1
689,fight keep schools,1
684,far risky says,1
1859,schools starting back,1
681,families pupils coronavirus,1
1862,schools stayathome disaster,1
680,families life since,1
677,facing childcare providers,1
670,explain coronavirus schools,1
668,experiencing fragility infrastructure,1
1869,schools uninvestigated notion,1
1870,schools universities uniting,1
1871,schools unlikely reopen,1
1831,schools reopen far,1
720,foolish thing covid19,1
725,foreign secretary dominic,1
1811,schools one district,1
749,full article today,1
1797,schools june early,1
748,ft distancing testing,1
1799,schools know exactly,1
1800,schools liabilities businesses,1
745,friday pm education,1
1802,schools manage phased,1
743,free school meal,1
742,free online childrens,1
1806,schools next month,1
741,free maths activities,1
740,free fall chaos,1
1809,schools offices urged,1
1810,schools official death,1
739,free downloadable resources,1
727,former cabinet minister,1
738,free coronavirus tests,1
1814,schools parents confidence,1
1815,schools parents schoolclosuresuk,1
737,free access schoolclosuresuk,1
1817,schools part government,1
1818,schools paying thousands,1
736,francesca y7 illustrated,1
735,framework decision making,1
1821,schools prematurely causing,1
734,frame bbcradiofoyle education,1
1823,schools published today,1
733,fragility infrastructure resilience,1
732,fragile need get,1
729,four key challenges,1
1872,schools vegetable plots,1
666,experience schools framework,1
1794,schools government insists,1
1922,see article reopening,1
1929,see thousands children,1
617,end august pubs,1
618,end june could,1
619,end may secondary,1
1924,see keyworkers street,1
1923,see denmark experience,1
1921,security risks associated,1
1876,schools well supermarkets,1
620,enforce days days,1
1919,sector adequately funded,1
1918,section visuals section,1
1917,section includes helpful,1
1916,secretary ulster teachers,1
1915,secretary social workers,1
1930,see us street,1
611,eligible children attend,1
1932,seeing progress progress,1
610,elementary schools stayathome,1
609,elashton existential threat,1
602,educationgovuk published collection,1
1937,send us links,1
601,educational settings updates,1
600,education travel advice,1
594,education schools coronavirus,1
592,education practice schools,1
587,education ministers england,1
580,education fightback forum,1
572,economy moving schools,1
1952,settings updates remote,1
1953,share network parents,1
571,economy experience recession,1
1914,secretary insists soon,1
622,england give schools,1
1912,secretary dominic raab,1
649,evidence public health,1
1877,schools williamson warned,1
1878,schools without real,1
1879,schools worked fighting,1
665,experience recession like,1
663,expected rise referrals,1
661,exit strategy read,1
660,existential threat facing,1
1884,schools yet eh,1
656,excellent article elashton,1
1886,schoolsweek via schoolsweek,1
652,exactly reopened find,1
651,evolve coronavirus architecture,1
650,evidence wouldnt able,1
1891,scotgov briefing seeing,1
1893,scotland northern ireland,1
1911,secondary schools end,1
1894,scotland says scottish,1
644,events due coronavirus,1
643,evening utv live,1
640,europe coronavirus boris,1
639,essential workers essential,1
638,essential workers based,1
628,enough testing act,1
627,enough ppe enough,1
626,enough lockdown work,1
625,englands two largest,1
1907,second spike says,1
1908,second wave coronavirus,1
624,england wales scotland,1
623,england reopen phases,1
751,fully challenging member,1
1793,schools go digital,1
929,interaction coronavirus page,1
1677,risk rate transmission,1
1683,risky says rabb,1
1682,risks associated partners,1
875,homes hospitals businesses,1
876,homes multiplied uses,1
1679,risk spike transmission,1
1678,risk second spike,1
1676,risk overlooked headteacher,1
1706,safe workingclass themselves,1
1675,risk free fall,1
1674,risk deadly second,1
1673,risk creating spike,1
1671,rise lockdowns resumethe,1
1670,rise level would,1
1668,right course time,1
873,home teaching coronavirus,1
869,home learning minutes,1
1688,robin bevan writes,1
1689,role design play,1
1690,rory stewart tells,1
864,hits latest updates,1
863,hit former cabinet,1
860,highlights free school,1
855,hes done enough,1
854,heres contact us,1
1697,running summer schools,1
853,here top tip,1
852,helping schools manage,1
850,helpful advice free,1
1701,safe reopen schools,1
848,help stop coronavirus,1
844,help schools following,1
1667,richard waite penoyreprasads,1
880,homeschoolinguk free access,1
882,hospital bed worst,1
1645,restrictions ease see,1
1628,republic warning rush,1
926,insists soon say,1
923,innovation flexibility teachers,1
922,infrastructure resilience space,1
1633,resilience space evolve,1
1634,resource web page,1
920,information recycle lovemk,1
1638,resources send us,1
1639,resources tailored home,1
1640,responsibilities schools liabilities,1
914,increase number people,1
912,includes helpful advice,1
911,include staysafestayhome mathsathome,1
1644,restaurants open doors,1
1646,restrictions eased vitally,1
883,hospitals businesses schools,1
909,important topic unescochairghe,1
907,important absolutely possible,1
1650,resumethe world economy,1
900,illustrated ebook short,1
1654,return pupils asks,1
898,idea wholeheartedly support,1
897,icymi educationgovuk published,1
895,iaahglobal ncdchild ayphcharity,1
1658,return schools know,1
894,humiliation school meal,1
893,human stuff matters,1
892,huge criticism hes,1
1662,return wuhan know,1
1663,returning packed classrooms,1
1705,safe travel work,1
843,help raise money,1
753,fund urgent medical,1
794,government insists tes,1
781,gmb pgltravel explain,1
783,go digital hannaheboland,1
1762,schools businesses panic,1
1761,schools built kindness,1
1760,schools bugs like,1
793,government coronavirus exit,1
796,governments rash decisions,1
841,help childrens learning,1
1755,schools across england,1
1754,schoolclosuresuk download we,1
1753,school system post,1
800,govt opens testing,1
1749,school meal vouchers,1
1748,school meal voucher,1
1768,schools closed due,1
1771,schools continue work,1
1772,schools coronavirus covid19,1
776,give schools parents,1
775,getting economy moving,1
771,get keep number,1
1778,schools disadvantaged children,1
768,general secretary ulster,1
767,general secretary social,1
1782,schools educational settings,1
1784,schools end june,1
755,funding available schools,1
1787,schools events due,1
754,funded deal expected,1
1789,schools families pupils,1
1790,schools following huge,1
1791,schools framework decision,1
808,graph showing likely,1
813,guidance critical workers,1
815,guidance needed social,1
1725,says peter weir,1
1709,said sector adequately,1
1710,said teachers would,1
840,help child choose,1
837,hear families life,1
1714,say piece theyve,1
835,health secretary insists,1
1716,say schools return,1
833,health england give,1
831,headteachers warn string,1
1720,says education secretary,1
1721,says foreign secretary,1
830,headteachernews published range,1
829,headteacher dr robin,1
1724,says he ll,1
1726,says rabb blanket,1
819,gvt schools very,1
1727,says running summer,1
1728,says schools starting,1
1729,says scottish government,1
828,heads call kinder,1
827,he ll lay,1
1733,says would safe,1
825,hard keep closed,1
1735,scenario dreadful doc,1
1736,scenario shows schools,1
824,happened enough ppe,1
1738,school closed student,1
822,hannaheboland coronavirus education,1
821,halt spread coronavirus,1
820,half number children,1
0,able access free,1
