url,count
https://www.theguardian.com/world/2020/may/02/fearful-britons-oppose-lifting-lockdown-schools-pubs-restaurants-opinium-poll?CMP=twt_gu&utm_source=Twitter&utm_medium#Echobox=1588493245,106
http://news.sky.com/story/coronavirus-germany-is-reopening-its-schools-and-the-world-is-watching-11982351,99
https://www.theguardian.com/world/2020/feb/23/coronavirus-northern-italian-towns-close-schools-and-businesses,68
https://www.tes.com/news/coronavirus-pm-plan-reopen-schools-will-be-set-out-next-week,62
https://www.theguardian.com/world/2020/apr/30/coronavirus-scientists-caution-against-reopening-schools,53
https://trib.al/LBLV8jx,44
http://news.sky.com/story/coronavirus-schools-reopen-in-chinese-city-where-pandemic-began-11983791,38
https://www.theguardian.com/education/2020/may/01/government-must-lead-on-re-opening-of-uk-schools-after-coronavirus-lockdown-says-nasuwt-union-boss?CMP=share_btn_tw,37
https://www.theguardian.com/world/2020/may/02/fearful-britons-oppose-lifting-lockdown-schools-pubs-restaurants-opinium-poll?CMP=share_btn_tw,35
https://www.theguardian.com/politics/live/2020/may/05/uk-coronavirus-live-contact-tracing-app-trial-begins-on-isle-of-wight?CMP=twt_gu&utm_source=Twitter&utm_medium#Echobox=1588679333,33
https://www.independent.co.uk/news/uk/home-news/coronavirus-children-referrals-schools-open-anne-longfield-a9500176.html,33
https://schoolsweek.co.uk/coronavirus-government-must-say-why-it-wants-to-reopen-schools-say-heads/,32
https://www.bbc.co.uk/news/uk-scotland-52544700,31
https://www.mirror.co.uk/news/uk-news/live-uk-updates-coronavirus-pandemic-21956301,30
https://www.theguardian.com/world/2020/may/02/fearful-britons-oppose-lifting-lockdown-schools-pubs-restaurants-opinium-poll,29
https://schoolsweek.co.uk/coronavirus-very-real-risk-of-spike-if-schools-open-too-early-say-teaching-unions/,25
https://www.theguardian.com/education/2020/may/03/primary-schools-england-could-reopen-june-boris-johnson-coronavirus,21
https://bit.ly/3fzvF7A,21
https://www.independent.co.uk/news/world/americas/us-politics/coronavirus-trump-americans-disapprove-handling-schools-a9492301.html?utm_medium=Social&utm_source=Twitter#Echobox=1588257634,20
https://www.thescottishsun.co.uk/news/5556778/coronavirus-scotland-nicola-sturgeon-scottish-government-primary-schools-reopen?utm_source=twitter&utm_medium=social&utm_campaign=sharebarweb,18
https://trib.al/dNbTGGd,18
https://www.thescottishsun.co.uk/news/5556778/coronavirus-scotland-nicola-sturgeon-scottish-government-primary-schools-reopen/,18
https://www.theguardian.com/world/2020/apr/30/coronavirus-scientists-caution-against-reopening-schools?CMP=twt_gu&utm_source=Twitter&utm_medium#Echobox=1588249353,17
https://trib.al/fHGdT7Q,17
https://www.tes.com/news/coronavirus-teachers-set-5-tests-reopening-schools,17
https://www.theguardian.com/education/2020/may/05/headteachers-call-for-kinder-school-system-coronavirus-michael-gove,16
https://www.dailystar.co.uk/news/latest-news/schools-remain-closed-until-september-21982022,16
https://mol.im/a/8278013,16
https://mol.im/a/8281269,16
https://www.thesun.co.uk/news/11532261/denmark-coronavirus-infection-rate-schools/?utm_medium=Social&utm_campaign=sunmaintwitter&utm_source=Twitter#Echobox=1588425892,15
https://reach.scot/learning-support/7-tips-from-teachers-about-coronavirus-home-learning-and-coping-while-schools-are-closed/,14
https://www.app.com/story/sports/high-school/2020/05/04/coronavirus-nj-high-school-sports-apparently-canceled/2985638001/,14
https://www.theguardian.com/education/2020/may/03/primary-schools-england-could-reopen-june-boris-johnson-coronavirus?CMP=share_btn_tw,14
https://www.theguardian.com/world/2020/apr/30/coronavirus-scientists-caution-against-reopening-schools?CMP=share_btn_tw,14
https://www.gov.uk/government/publications/coronavirus-covid-19-maintaining-educational-provision/guidance-for-schools-colleges-and-local-authorities-on-maintaining-educational-provision,13
https://www.thesun.co.uk/news/11514694/reopening-school-risk-second-wave-coronavirus/?utm_medium=Social&utm_campaign=sunmaintwitter&utm_source=Twitter#Echobox=1588250114,13
https://www.thesun.co.uk/news/11529480/ireland-extends-coronavirus-lockdown-may-18/?utm_medium=Social&utm_campaign=sunmaintwitter&utm_source=Twitter#Echobox=1588357158,13
https://trib.al/XWpmvoz,13
https://www.telegraph.co.uk/politics/2020/03/19/boris-johnson-news-latest-schools-coronavirus-emergency-bill/,13
https://www.theguardian.com/politics/2020/apr/30/britain-is-past-peak-of-coronavirus-outbreak-says-boris-johnson?CMP=share_btn_tw,12
https://www.theguardian.com/world/2020/may/01/children-as-likely-to-spread-coronavirus-as-adults-says-scientist,12
https://www.independent.co.uk/news/world/uk-lockdown-coronavirus-social-distancing-masks-schools-shops-a9488081.html,12
http://news.sky.com/story/coronavirus-when-will-uk-schools-reopen-and-what-can-we-learn-from-europe-about-how-it-will-happen-11983528,11
https://gov.wales/how-schools-will-work-during-coronavirus-pandemic,11
https://www.newstatesman.com/politics/education/2020/04/covid-19-coronavirus-schools-education-reopening-home-learning,11
https://trib.al/hidR2K4,10
https://www.theguardian.com/education/2020/may/03/primary-schools-england-could-reopen-june-boris-johnson-coronavirus?CMP=twt_a-education_b-gdnedu,10
https://www.parentkind.org.uk/News/Coronavirus-and-school-closures---parents-how-are-you-doing,10
https://www.theguardian.com/education/2020/may/01/government-must-lead-on-re-opening-of-uk-schools-after-coronavirus-lockdown-says-nasuwt-union-boss,10
https://www.theguardian.com/world/2020/apr/30/coronavirus-scientists-caution-against-reopening-schools?CMP=Share_AndroidApp_Tweet,10
https://bit.ly/2SEYpC4,10
https://www.independent.co.uk/life-style/health-and-families/coronavirus-lockdown-uk-remove-end-review-schools-when-government-a9453246.html?utm_medium=Social&utm_source=Twitter#Echobox=1588583541,9
https://www.independent.co.uk/life-style/health-and-families/coronavirus-lockdown-uk-remove-end-review-schools-when-government-a9453246.html?utm_medium=Social&utm_source=Twitter#Echobox=1588412142,9
https://mol.im/a/8294507,9
https://www.independent.co.uk/news/uk/home-news/coronavirus-children-referrals-schools-open-anne-longfield-a9500176.html?utm_term=Autofeed&utm_medium=Social&utm_source=Twitter#Echobox=1588725910,9
https://bbc.in/3b5s4KQ,9
https://www.theguardian.com/world/2020/apr/30/coronavirus-scientists-caution-against-reopening-schools?CMP=Share_iOSApp_Other,9
https://www.mirror.co.uk/news/uk-news/coronavirus-pandemic-live-uk-updates-21956301?ag,9
http://GOV.UK,9
https://bit.ly/3aWA8h8,9
https://www.bbc.co.uk/news/uk-northern-ireland-52539184,9
https://www.independent.co.uk/life-style/health-and-families/coronavirus-lockdown-uk-remove-end-review-schools-when-government-a9453246.html?utm_medium=Social&utm_source=Twitter#Echobox=1588323489,8
https://www.politicshome.com/news/article/teacher-trade-unions-warn-reopening-schools-on-june-1-risks-second-coronavirus-wave,8
https://www.thesun.co.uk/news/11556002/schools-cant-all-open-second-coronavirus-spike/?utm_medium=Social&utm_campaign=sunmaintwitter&utm_source=Twitter#Echobox=1588699265,8
https://www.mirror.co.uk/sport/football/news/man-utd-donate-300k-local-21976610,8
https://www.tes.com/news/coronavirus-unions-attend-dfe-safety-talks-reopening-schools,8
https://www.independent.co.uk/life-style/health-and-families/coronavirus-children-adults-pass-symptoms-kids-transmit-schools-a9494286.html?utm_medium=Social&utm_source=Twitter#Echobox=1588346726,8
https://www.tes.com/news/coronavirus-very-difficult-socially-distance-schools-admits-deputy-CMO,8
https://bit.ly/3c6HqjA,8
https://mol.im/a/8272905,8
https://www.bbc.co.uk/news/uk-northern-ireland-52572814,8
https://www.thesun.co.uk/news/11552168/too-dangerous-reopen-schools-coronavirus-prey-kids/?utm_medium=Social&utm_campaign=sunmaintwitter&utm_source=Twitter#Echobox=1588692724,8
https://theconversation.com/coronavirus-there-is-an-urgent-need-to-re-open-schools-this-is-how-to-make-it-happen-137818,8
https://www.telegraph.co.uk/global-health/science-and-disease/coronavirus-news-uk-lockdown-tests-deaths-schools-contact-tracing/,7
https://www.dailypost.co.uk/news/north-wales-news/coronavirus-updates-first-minister-says-18191220,7
https://bbc.in/2VQEoub,7
https://www.theguardian.com/world/2020/may/02/fearful-britons-oppose-lifting-lockdown-schools-pubs-restaurants-opinium-poll?CMP=Share_iOSApp_Other,7
https://www.ft.com/content/fdf893d5-40a0-4645-87fb-471b0f5e7ad0,7
https://www.theguardian.com/world/2020/apr/30/coronavirus-scientists-caution-against-reopening-schools?CMP=Share_AndroidApp_WhatsApp,7
https://inews.co.uk/news/education/coronavirus-uk-government-targets-1-june-date-reopening-schools-england-year-6-pupils-first-2842494,7
https://www.thesun.co.uk/news/11537053/primary-schools-reopen-next-month-coronavirus/?utm_medium=Social&utm_campaign=sunmaintwitter&utm_source=Twitter#Echobox=1588495997,7
https://www.walesonline.co.uk/news/wales-news/schools-coronavirus-mark-drakeford-back-18196318?utm_source=twitter.com&utm_medium=social&utm_campaign=sharebar,7
https://www.middleeastmonitor.com/20200503-mosques-and-schools-to-reopen-in-irans-low-risk-areas/,7
https://www.thesun.co.uk/news/11521769/reopen-schools-experts-clash/?utm_medium=Social&utm_campaign=sunmaintwitter&utm_source=Twitter#Echobox=1588284263,7
https://www.independent.co.uk/news/world/americas/new-york-coronavirus-schools-closed-andrew-cuomo-a9495246.html?utm_medium=Social&utm_source=Twitter#Echobox=1588404954,7
https://www.thesun.co.uk/news/11525388/germany-new-coronavirus-infections-five-day-high-warning-bring-back-lockdown?utm_source=twitter&utm_medium=social&utm_campaign=sharebarweb,7
https://www.theguardian.com/education/2020/may/03/primary-schools-england-could-reopen-june-boris-johnson-coronavirus?utm_term=Autofeed&CMP=twt_gu&utm_medium&utm_source=Twitter#Echobox=1588512534,7
https://www.tes.com/news/coronavirus-teachers-warn-williamson-not-rush-re-open-schools,7
https://www.heraldscotland.com/news/18423056.coronavirus-scotland-private-schools-thrown-tax-breaks-lifeline/?ref=twtrec,7
https://www.bbc.co.uk/news/education-52550470,7
https://www.tes.com/news/coronavirus-ofsted-should-have-remote-learning-inspection-role,7
https://bit.ly/2SA9unG,7
https://www.theguardian.com/world/2020/apr/30/coronavirus-scientists-caution-against-reopening-schools?CMP=twt_a-education_b-gdnedu,6
https://www.edinburghlive.co.uk/news/edinburgh-news/coronavirus-scotland-live-news-updates-18190570,6
https://www.walesonline.co.uk/news/education/schools-coronavirus-return-children-learning-18191180?utm_source=twitter.com&utm_medium=social&utm_campaign=sharebar,6
https://bit.ly/3aZpVjW,6
https://bit.ly/35AUzz6,6
https://www.msn.com/en-gb/news/coronavirus/revealed-boris-johnsons-roadmap-to-ease-lockdown-and-reopen-schools-and-shops/ar-BB13HzkM,6
https://www.thesun.co.uk/news/11535290/primary-schools-priority-roadmap-ease-lockdown?utm_source=twitter&utm_medium=social&utm_campaign=sharebarweb,6
https://link.medium.com/YfpKKJvCe6,6
https://www.theguardian.com/world/2020/may/01/children-as-likely-to-spread-coronavirus-as-adults-says-scientist?CMP=twt_a-world_b-gdnworld,6
https://www.independent.co.uk/news/world/europe/coronavirus-france-shutting-schools-toxic-lockdown-edouard-philippe-a9499461.html?utm_medium=Social&utm_source=Twitter#Echobox=1588678734,6
https://www.yorkshirepost.co.uk/health/coronavirus/sheffield-nursery-manager-says-staff-would-be-better-working-kfc-battle-over-coronavirus-support-pre-schools-2842444,6
https://www.independent.co.uk/news/world/americas/trump-teachers-coronavirus-reopen-schools-age-when-a9502871.html,6
https://www.express.co.uk/news/politics/1276337/coronavirus-lockdown-plan-boris-johnson-economy-schools-reopening-travel-latest,6
https://www.bbc.co.uk/news/uk-wales-52520747,6
https://www.gov.uk/government/collections/coronavirus-covid-19-guidance-for-schools-and-other-educational-settings,6
http://a.msn.com/01/en-gb/BB13w7KN?ocid=st,6
http://a.msn.com/01/en-gb/BB13HzkM?ocid=st,5
https://schoolsweek.co.uk/coronavirus-social-distancing-in-schools-very-difficult-says-government-medical-adviser/,5
https://www.walesonline.co.uk/news/education/schools-coronavirus-return-children-learning-18191180,5
http://a.msn.com/01/en-gb/BB13udcW?ocid=st,5
https://www.theguardian.com/politics/2020/apr/30/britain-is-past-peak-of-coronavirus-outbreak-says-boris-johnson?CMP=Share_iOSApp_Other,5
https://www.tes.com/news/coronavirus-adonis-inadequate-online-learning-claim-sparks-fury,5
https://www.nytimes.com/2020/05/05/nyregion/children-Kawasaki-syndrome-coronavirus.html,5
https://mol.im/a/8292219,5
https://www.tes.com/news/revealed-school-opening-options-dfe-considering,5
https://bit.ly/3c8FDe0,5
https://www.tes.com/news/coronavirus-nhs-workers-call-keep-teachers-safe,5
https://www.theguardian.com/world/2020/may/01/children-as-likely-to-spread-coronavirus-as-adults-says-scientist?CMP=share_btn_tw,5
https://www.standard.co.uk/news/uk/primary-schools-open-coronavirus-lockdown-exit-plan-boris-johnson-a4430401.html,5
https://www.bbc.co.uk/news/uk-northern-ireland-52493245,5
https://www.vox.com/2020/5/2/21241636/coronavirus-children-kids-spread-transmit-switzerland,5
https://www.belfasttelegraph.co.uk/news/health/coronavirus/coronavirus-education-ministers-warned-by-unions-not-to-open-schools-prematurely-39182423.html,5
https://www.independent.co.uk/news/world/uk-lockdown-coronavirus-social-distancing-masks-schools-shops-a9488081.html?utm_medium=Social&utm_source=Twitter#Echobox=1588602906,5
https://www.independent.co.uk/news/education/education-news/coronavirus-lockdown-schools-wales-uk-a9496566.html?utm_medium=Social&utm_source=Twitter#Echobox=1588519751,5
https://www.independent.co.uk/life-style/health-and-families/coronavirus-lockdown-uk-remove-end-review-schools-when-government-a9453246.html?utm_medium=Social&utm_source=Twitter#Echobox=1588497237,5
http://ow.ly/AUHv30qDUd1,5
https://bit.ly/3fkzAEY,4
https://www.independent.co.uk/news/world/americas/trump-teachers-coronavirus-reopen-schools-age-when-a9502871.html?utm_term=Autofeed&utm_medium=Social&utm_source=Twitter#Echobox=1588810899,4
https://educationendowmentfoundation.org.uk/covid-19-resources/support-resources-for-schools/,4
https://www.walesonline.co.uk/news/wales-news/coronavirus-wales-covid19-lockdown-schools-18193511,4
https://www.independent.co.uk/news/world/americas/coronavirus-us-school-reopen-when-closed-lockdown-a9501896.html?utm_medium=Social&utm_source=Twitter#Echobox=1588783437,4
https://www.mirror.co.uk/news/uk-news/live-uk-updates-coronavirus-pandemic-21956301?utm_source=twitter.com&utm_medium=social&utm_campaign=sharebar,4
http://ow.ly/p5Sg30qDgZg,4
https://www.walesonline.co.uk/news/wales-news/coronavirus-wales-drakeford-lockdown-schools-18193511,4
https://www.theguardian.com/politics/live/2020/may/05/uk-coronavirus-live-contact-tracing-app-trial-begins-on-isle-of-wight,4
https://gu.com/p/dmqjq/stw,4
https://www.thescottishsun.co.uk/news/5552943/ireland-extends-coronavirus-lockdown-may-18/?utm_medium=Social&utm_campaign=scottishsuntwitter&utm_source=Twitter#Echobox=1588357650,4
https://www.nytimes.com/2020/05/06/world/europe/italy-coronavirus-reopening-parents.html?smid=tw-share,4
https://news.sky.com/story/coronavirus-firms-need-up-to-three-weeks-to-exit-lockdown-government-warned-11983773,4
https://www.bbc.com/news/education-52488208,4
https://schoolsimprovement.net/coronavirus-scientists-caution-against-reopening-schools/,4
https://www.glasgowtimes.co.uk/news/18419607.coronavirus-live-uk-past-peak-virus-scotland-schools-update/,4
https://tinyurl.com/ycanoofk,4
https://www.express.co.uk/news/uk/1277075/UK-coronavirus-latest-updates-primary-schools-exit-lockdown-strategy,4
https://www.google.com/amp/s/www.dailymail.co.uk/news/article-8278013/amp/Denmarks-coronavirus-rate-infection-RISEN-0-6-0-9-schools-opened.html,4
http://ow.ly/eOoF30qCqfE,4
https://www.gov.uk/government/collections/case-studies-remote-education-practice-for-schools-during-coronavirus-covid-19,4
https://www.suffolk.gov.uk/council-and-democracy/council-news/show/suffolk-schools-helping-pupils-stay-active-during-coronavirus-lock-down,4
https://news.sky.com/story/coronavirus-germany-is-reopening-its-schools-and-the-world-is-watching-11982351,4
http://www.counterfire.org/interview/21173-teachers-no-re-opening-of-schools-until-it-is-safe,4
https://bit.ly/3fvrKJ1,4
https://www.thesun.co.uk/news/11537496/brits-do-not-want-coronavirus-lockdown-lifted?utm_source=twitter&utm_medium=social&utm_campaign=sharebarweb,4
http://ow.ly/iPg530qDncp,4
https://www.theguardian.com/education/2020/may/01/government-must-lead-on-re-opening-of-uk-schools-after-coronavirus-lockdown-says-nasuwt-union-boss?utm_term=Autofeed&CMP=twt_gu&utm_medium&utm_source=Twitter#Echobox=1588338412,4
https://www.express.co.uk/news/world/1278592/emmanuel-macron-france-latest-french-schools-reopen-coronavirus-lockdown-lifted,4
https://www.tes.com/news/2020/May/05/coronavirus-and-schools-live,3
https://www.theguardian.com/education/2020/apr/14/education-was-never-the-sole-focus-of-schools-the-coronavirus-pandemic-has-proved-it,3
https://www.nytimes.com/2020/05/05/health/coronavirus-children-transmission-school.html,3
http://bit.ly/gmg-cov19,3
https://www.theguardian.com/education/2020/apr/29/coronavirus-schools-across-england-reopen-phases-education-secretary-gavin-williamson,3
https://bit.ly/3flavtz,3
https://www.independent.co.uk/news/education/education-news/coronavirus-lockdown-schools-wales-uk-a9496566.html,3
https://www.theguardian.com/education/2020/apr/29/coronavirus-crisis-no-excuse-for-price-fixing-private-schools-warned?CMP=share_btn_tw,3
https://www.gov.scot/binaries/content/documents/govscot/publications/advice-and-guidance/2020/05/coronavirus-covid-19-framework-decision-making-further-information/documents/coronavirus-covid-19-framework-decision-making-further-information/coronavirus-covid-19-framework-decision-making-further-information/govscot%3Adocument/coronavirus-covid-19-framework-decision-making-further-information.pdf,3
https://www.heraldscotland.com/news/18427337.coronavirus-scotland-schools-not-set-fully-re-open-foreseeable-future/,3
https://www.theguardian.com/politics/live/2020/may/05/uk-coronavirus-live-contact-tracing-app-trial-begins-on-isle-of-wight?CMP=Share_iOSApp_Other,3
https://www.dailystar.co.uk/news/latest-news/schools-offices-urged-enforce-4-21985450,3
https://buff.ly/3aRoqUM,3
https://bit.ly/2SldOXI,3
https://www.theguardian.com/politics/2020/apr/30/britain-is-past-peak-of-coronavirus-outbreak-says-boris-johnson,3
https://bbc.in/2WdL7P8,3
https://www.ideas.gov.scot/covid-19-a-framework-for-decision-making,3
https://www.theguardian.com/politics/2020/apr/30/britain-is-past-peak-of-coronavirus-outbreak-says-boris-johnson?CMP=twt_a-world_b-gdnworld,3
https://www.theguardian.com/politics/live/2020/may/05/uk-coronavirus-live-contact-tracing-app-trial-begins-on-isle-of-wight?CMP=share_btn_tw,3
https://www.phoenixmsl.co.uk/covid-cleaning/,3
https://www.theguardian.com/education/2020/may/01/government-must-lead-on-re-opening-of-uk-schools-after-coronavirus-lockdown-says-nasuwt-union-boss?CMP=twt_a-education_b-gdnedu,3
https://www.theguardian.com/education/2020/may/01/government-must-lead-on-re-opening-of-uk-schools-after-coronavirus-lockdown-says-nasuwt-union-boss?CMP=Share_iOSApp_Other,3
https://www.change.org/p/gavin-williamson-save-the-junior-school-at-italia-conti-performing-arts-stop-the-closure,3
http://a.msn.com/01/en-gb/BB13qlFV?ocid=st,3
http://ow.ly/bdMI30qDtut,3
https://buff.ly/2xDvLKe,3
https://www.independent.co.uk/news/education/coronavirus-lockdown-uk-schools-education-gap-poor-vulnerable-pupils-ofsted-a9485856.html,3
https://buff.ly/2zVGIHH,3
https://bit.ly/2L6yT4c,3
https://www.theguardian.com/world/2020/may/01/children-as-likely-to-spread-coronavirus-as-adults-says-scientist?CMP=Share_AndroidApp_Tweet,3
http://ow.ly/34xg30qDnmf,3
https://www.thescottishsun.co.uk/news/5554095/denmark-coronavirus-infection-rate-schools/?utm_medium=Social&utm_campaign=scottishsuntwitter&utm_source=Twitter#Echobox=1588407636,3
https://www.gov.uk/government/publications/guidance-to-educational-settings-about-covid-19/guidance-to-educational-settings-about-covid-19,3
https://trib.al/laxrb4z,3
https://www.bloomberg.com/opinion/articles/2020-05-01/coronavirus-the-costs-of-keeping-schools-closed-are-adding-up,3
https://www.edp24.co.uk/suffolk-schools-continue-free-tampons-for-pupils-1-6638451,3
https://www.middleeastmonitor.com/20200427-israel-to-reopen-some-schools-on-sunday-if-coronavirus-curve-allows/,3
https://www.thesun.co.uk/news/11532204/two-metre-coronavirus-social-distancing-could-scrap?utm_source=twitter&utm_medium=social&utm_campaign=sharebarweb,3
https://www.manchestereveningnews.co.uk/news/uk-news/coronavirus-live-updates-app-lockdown-18199663,3
https://www.tes.com/news/coronavirus-pay-teachers-work-summer-schools,3
https://schoolsweek.co.uk/competition-watchdog-warns-private-schools-over-fee-fixing-collusion-during-coronavirus-outbreak/,3
https://bit.ly/2zdkDE2,3
https://schoolsweek.co.uk/coronavirus-dfe-seeks-more-online-education-resources-to-promote/,3
http://ow.ly/h8I630qDMje,3
http://ow.ly/fqvS30qCVJh,3
https://www.belfasttelegraph.co.uk/news/health/coronavirus/derry-principal-calls-for-guidance-on-when-schools-may-reopen-39180922.html,3
https://bit.ly/3avE7ki,3
https://www.gov.uk/guidance/remote-education-practice-for-schools-during-coronavirus-covid-19,3
https://www.thescottishsun.co.uk/news/5556778/coronavirus-scotland-nicola-sturgeon-scottish-government-primary-schools-reopen/?utm_medium=Social&utm_campaign=scottishsuntwitter&utm_source=Twitter#Echobox=1588501580,3
https://www.bbc.com/news/uk-scotland-52544700,3
https://bit.ly/2y8sHpD,3
https://www.theguardian.com/world/2020/may/02/fearful-britons-oppose-lifting-lockdown-schools-pubs-restaurants-opinium-poll?CMP=Share_AndroidApp_Tweet,3
http://dlvr.it/RVwNlr,3
https://bit.ly/3dgmiYq,3
https://www.tes.com/news/coronavirus-dfe-sets-out-remote-learning-best-practice,3
https://bit.ly/3dlGoQO,3
https://www.bbc.co.uk/news/uk-52492662,2
https://www.gov.uk/government/publications/coronavirus-covid-19-send-risk-assessment-guidance/coronavirus-covid-19-send-risk-assessment-guidance,2
https://www.telegraph.co.uk/global-health/science-and-disease/coronavirus-news-uk-test-track-contact-tracing-cases-update/,2
https://www.bbc.co.uk/news/uk-52332903,2
https://www.headteacher-update.com/news/education-select-committee-gavin-williamson-fsm-vouchers-re-opening-lockdown-schools-coronavirus-disadvantage-premium-1/226581/#.XqqTpSlXUas.twitter,2
https://www.telegraph.co.uk/global-health/science-and-disease/coronavirus-news-uk-lockdown-tests-deaths-schools-contact-tracing/?utm_content=telegraph&utm_medium=Social&utm_campaign=Echobox&utm_source=Twitter#Echobox=1588598714,2
https://www.independent.co.uk/life-style/health-and-families/coronavirus-children-adults-pass-symptoms-kids-transmit-schools-a9494286.html,2
https://www.tes.com/news/coronavirus-send-years-10-and-12-back-school-first-exam-group,2
https://www.independent.co.uk/life-style/health-and-families/coronavirus-lockdown-uk-remove-end-review-schools-when-government-a9453246.html,2
https://uk.reuters.com/article/uk-health-coronavirus-britain-lockdown-idUKKBN22E0TN,2
https://www.bbc.co.uk/news/education-52551464,2
https://buff.ly/35gofkK,2
https://www.euronews.com/2020/05/06/coronavirus-french-mayors-criticise-government-decision-to-reopen-primary-schools?utm_source=newsletter&utm_medium=en&utm_content=coronavirus-french-mayors-criticise-government-decision-to-reopen-primary-schools&_ope=eyJndWlkIjoiMTA4NWIyZTlhOTg3NDZlOTE5YzBjNmQwMmZiODBhNGIifQ%3D%3D,2
https://bit.ly/3b3dOSV,2
https://universityofsussex.eu.qualtrics.com/jfe/form/SV_ahPAXiHKmoOlgI5,2
https://www.heraldscotland.com/news/18423056.coronavirus-scotland-private-schools-thrown-tax-breaks-lifeline/,2
https://www.tes.com/news/coronavirus-early-years-program-could-plug-post-shutdown-skills-gap,2
https://www.tes.com/news/coronavirus-ppe-not-needed-schools-government-insists,2
https://www.tes.com/news/attainment-gap-coronavirus-schools-reopening?fbclid=IwAR3t5oSnNANHsWm2YAoACtcO-IbCVNq7UDVTND7PvDbC5TYpnXScAZOgoXI,2
https://bit.ly/3dnO9pp,2
https://www.telegraph.co.uk/technology/2020/05/06/children-left-behind-schools-go-digital/,2
https://bit.ly/3de97Y3,2
https://www.tes.com/news/coronavirus-extra-teaching-needed-plug-disadvantage-chasm,2
https://bit.ly/3cLshnQ,2
https://www.irishmirror.ie/news/irish-news/health-news/leo-varadkar-coronavirus-lockdown-speech-21957549,2
https://www.rte.ie/news/coronavirus/2020/0430/1135866-monaghan-anti-viral-handles/,2
https://twitter.com/i/events/1219057585707315201,2
https://www.glasgowtimes.co.uk/news/18427454.coronavirus-live-new-plans-ease-lockdown-scotland-revealed-death-toll-hits-1620/,2
https://www.buzzfeed.com/emilyashton/coronavirus-childcare-nurseries-childminders-crisis,2
https://www.businessinsider.com/coronavirus-whatsapp-lockdown-uk-exit-strategy-fake-2020-5?r=US&IR=T,2
https://www.businessinsider.com/andrew-cuomo-bill-gates-reimagine-new-york-schools-coronavirus-2020-5,2
https://www.newzimbabwe.com/covid-19-school-heads-warn-against-rushed-opening-set-minimum-safety-conditions/,2
https://www.google.co.uk/amp/s/amp.theguardian.com/world/2020/apr/26/children-unlikely-to-transmit-coronavirus-says-study-cited-in-pms-push-to-reopen-schools,2
https://mol.im/a/8288995,2
https://www.nasuwt.org.uk/article-listing/trade-unions-warn-against-reopening-of-schools.html,2
https://www.mycentraljersey.com/story/news/coronavirus/2020/05/04/coronavirus-nj-schools-closed-through-rest-school-year-gov-murphy-says/3064035001/,2
https://news.sky.com/story/coronavirus-great-deal-of-logic-in-letting-younger-pupils-return-first-says-ofsted-chief-inspector-11982492,2
https://trib.al/UaHmxT5,2
https://www.mirror.co.uk/news/uk-news/schools-could-remain-closed-until-21956588?utm_source=twitter.com&utm_medium=social&utm_campaign=sharebar,2
https://news.sky.com/story/coronavirus-when-will-uk-schools-reopen-and-what-can-we-learn-from-europe-about-how-it-will-happen-11983528,2
https://www.mirror.co.uk/news/uk-news/live-uk-updates-coronavirus-pandemic-21969037,2
https://www.bloomberg.com/opinion/articles/2020-05-01/coronavirus-the-costs-of-keeping-schools-closed-are-adding-up?sref=f7Ld6Ow9,2
https://www.independent.ie/world-news/coronavirus/coronavirus-ireland-country-will-start-to-slowly-reopen-on-may-18-but-schools-wont-return-until-september-39173860.html,2
https://www.manchestereveningnews.co.uk/news/uk-news/coronavirus-live-updates-boris-johnson-18205871,2
https://www.linkedin.com/pulse/covid-19-advice-school-leaders-pt8-re-opening-wellbeing-mark-steed,2
https://www.leicestermercury.co.uk/news/health/you-need-know-coronavirus-morning-4101691,2
https://schoolsweek.co.uk/coronavirus-85m-free-laptops-scheme-falls-short/,2
https://trib.al/QWd2hTM,2
https://www.belfasttelegraph.co.uk/news/health/coronavirus/coronavirus-no-date-planned-for-northern-ireland-schools-to-reopen-says-weir-as-he-hints-at-phased-return-39186758.html,2
https://www.bloomberg.com/news/articles/2020-04-30/children-with-coronavirus-may-be-just-as-infectious-as-adults,2
https://schoolsweek.co.uk/coronavirus-williamson-expects-phased-return-to-schools/,2
https://www.jpost.com/breaking-news/coronavirus-update-7641-active-cases-212-dead-626290,2
https://softmachine.net/coronavirus-there-is-an-urgent-need-to-re-open-schools-this-is-how-to-make-it-happen/,2
https://www.bbc.co.uk/news/uk-northern-ireland-52478282,2
https://learning.nspcc.org.uk/news/2020/april/school-governors-academy-trustees-safeguarding-coronavirus?utm_source=new_schools_network&utm_medium=email&utm_campaign=AU3241*&utm_content=NSPCC_Learning+governors_coronavirus_content+May20,2
https://buff.ly/3dlOeKn,2
https://l-bc.co/35wF7Uk,2
https://www.telegraph.co.uk/global-health/science-and-disease/coronavirus-news-uk-lockdown-tests-deaths-schools-contact-tracing/?WT.mc_id=tmg_share_tw,2
https://www.bbc.co.uk/news/uk-politics-52455776,2
https://www.telegraph.co.uk/education-and-careers/2020/05/05/coronavirus-qa-safe-send-child-back-school/?WT.mc_id=tmg_share_tw,2
https://www.dailypost.co.uk/news/north-wales-news/schools-could-stay-closed-longer-18186555,2
https://www.telegraph.co.uk/education-and-careers/2020/05/05/coronavirus-qa-safe-send-child-back-school/,2
https://edition.cnn.com/2020/05/06/health/schools-reopening-coronavirus-children-wellness-intl/index.html,2
https://www.standard.co.uk/news/uk/teachers-ppe-schools-return-coronavirus-lockdown-robert-jenrick-a4434271.html,2
https://www.standard.co.uk/news/uk/schools-shut-lockdown-coronavirus-headteachers-reopen-social-distancing-a4432371.html,2
https://www.bbc.co.uk/news/uk-scotland-52412171,2
https://twitter.com/bbcnews/status/1256736023549227008,2
https://www.standard.co.uk/news/education/too-soon-schools-returning-coronavirus-lockdown-a4433521.html,2
https://www.shropshirestar.com/news/health/coronavirus-covid19/2020/05/06/schools-will-need-to-be-deep-cleaned-when-the-coronavirus-lockdown-is-lifted-telford-wrekin-council-leader-says/,2
https://www.dailymail.co.uk/news/article-8281269/Primary-schools-return-JUNE-1-coronavirus-lockdown-lifted.html,2
https://www.dailymail.co.uk/news/article-8278013/Denmarks-coronavirus-rate-infection-RISEN-0-6-0-9-schools-opened.html?ito=native_share_channel-home-preview,2
https://www.scmp.com/news/hong-kong/politics/article/3082895/coronavirus-hong-kong-senior-schools-get-older-pupils-back?utm_source=Twitter&utm_medium=share_widget&utm_campaign=3082895,2
https://www.questmedianetwork.co.uk/news/daily-coronavirus-updates/hundreds-of-laptops-for-poorer-digitally-excluded-pupils-during-lockdown/,2
https://www.dailymail.co.uk/news/article-8278013/Denmarks-coronavirus-rate-infection-RISEN-0-6-0-9-schools-opened.html,2
https://www.gazette-news.co.uk/news/18427828.plan-merge-schools-put-hold-due-coronavirus/,2
https://www.nytimes.com/2020/05/05/opinion/coronavirus-pandemic-distance-learning.html,2
https://inews.co.uk/news/coronavirus-lockdown-workplaces-schools-shift-patterns-advice-adam-smith-institute-2843921,2
https://www.independent.co.uk/news/uk/home-news/coronavirus-child-five-years-old-dies-uk-a9447506.html,2
https://www.glasgowlive.co.uk/news/glasgow-news/coronavirus-glasgow-updates-scottish-government-18201677,2
https://inews.co.uk/news/education/coronavirus-uk-opening-schools-prematurely-catastrophic-spread-covid-19-teacher-unions-warn-2842932,2
https://www.bbc.co.uk/news/world-europe-52459030,2
https://inews.co.uk/news/long-reads/uk-lockdown-coronavirus-rules-lifting-end-back-school-social-bubbles-2843204,2
https://public.govdelivery.com/accounts/UKDFE/subscriber/new,2
https://www.tes.com/news/2020/May/04/coronavirus-and-schools-live,2
https://www.tes.com/news/coronavirus-social-distancing-schools-impossible,2
http://ow.ly/g4AJ30qCl5G,2
http://ow.ly/mxYp30qD8Hh,2
http://ow.ly/lijx30qCdrP,2
https://www.thescottishsun.co.uk/news/5556921/coronavirus-lockdown-lifted-worry/?utm_medium=Social&utm_campaign=scottishsuntwitter&utm_source=Twitter#Echobox=1588503792,2
http://ow.ly/jiuO30qCl51,2
http://ow.ly/jBzX30qDzIt,2
http://ow.ly/iWSp30qC7va,2
http://ow.ly/hHzm30qCLgZ,2
http://ow.ly/faCd30qDMfr,2
http://ow.ly/XqIn30qDzIa,2
http://ow.ly/fV2p30qCVbM,2
http://ow.ly/bqeA30qDFVS,2
http://ow.ly/bn8Z30qD4uk,2
https://www.thesun.co.uk/news/11529480/ireland-extends-coronavirus-lockdown-may-18/,2
http://ow.ly/b2SG30qD4ua,2
https://www.thesun.co.uk/news/11532204/two-metre-coronavirus-social-distancing-could-scrap/,2
http://ow.ly/Ya7F30qCkVX,2
http://ow.ly/n4GG30qD4oq,2
http://ow.ly/oSOC30qDMng,2
http://ow.ly/oeRd30qCl5y,2
http://ow.ly/ooKX30qCV96,2
https://www.theguardian.com/world/2020/apr/30/coronavirus-scientists-caution-against-reopening-schools?CMP=Share_AndroidApp_Copy_to_clipboard,2
http://www.powysthb.wales.nhs.uk/news/52501,2
http://www.irishnews.com/news/northernirelandnews/2020/05/06/news/coronavirus-no-date-for-schools-to-reopen-says-peter-weir-1929150/,2
https://www.theguardian.com/world/2020/apr/30/coronavirus-scientists-caution-against-reopening-schools?utm_source=dlvr.it&utm_medium=twitter,2
http://www.ecaterham.net/2018/covid-19-mental-health-wellbeing-during-isolation,2
http://voicetheunion.org.uk/blog/reopen,2
https://www.theguardian.com/world/2020/may/01/children-as-likely-to-spread-coronavirus-as-adults-says-scientist?CMP=fb_gu&utm_medium=Social&utm_source=Facebook#Echobox=1588348047,2
https://www.theguardian.com/world/2020/may/02/fearful-britons-oppose-lifting-lockdown-schools-pubs-restaurants-opinium-poll?CMP=Share_AndroidApp_Copy_to_clipboard,2
http://shr.gs/yHNfWam,2
http://science.cleapss.org.uk/Resource-Info/GL336-CLEAPSS-Advice-during-the-COVID-19-Coronavirus-Pandemic.aspx,2
http://ow.ly/zTKT30qDtvy,2
http://ow.ly/vdeg30qCKIb,2
https://www.thescottishsun.co.uk/news/5553020/coronavirus-scotland-school-pandemic-poverty-gap/?utm_medium=Social&utm_campaign=scottishsuntwitter&utm_source=Twitter#Echobox=1588360961,2
http://ow.ly/qPyq30qDt91,2
http://ow.ly/pdYE30qCdrN,2
http://ow.ly/XwzB30qCKXa,2
http://ow.ly/XOY730qDzBy,2
http://www.voicetheunion.org.uk/blog/thought-reopening-fully-challenging,2
http://ow.ly/2ScE30qDt94,2
https://www.thetimes.co.uk/article/coronavirus-in-scotland-private-schools-get-reprieve-from-rates-hike-to-see-off-crisis-t5qr9z25f,2
http://ow.ly/7Rh430qD8IE,2
http://ow.ly/7Da630qCqfO,2
http://ow.ly/5vle30qD4sY,2
http://ow.ly/5dFA30qDtyv,2
http://ow.ly/2VPB30qD8Ye,2
http://ow.ly/2TQV30qDheZ,2
http://ow.ly/1zM630qCqh5,2
http://ow.ly/VVBg30qD8LF,2
http://newsnow.co.uk/share?u=https%3A//uk.reuters.com/article/uk-health-coronavirus-britain-lockdown/england-could-allow-primary-schools-to-reopen-as-soon-as-june-1-telegraph-idUKKBN22E0TN%3Frpc%3D401%26&sgt=shv2&sg=8d93d6c4&sid=2,2
http://news.sky.com/story/coronavirus-no-child-known-to-have-passed-covid-19-to-adults-global-study-finds-11981111,2
https://www.three.fm/news/coronavirus/all-schools-to-close-over-tt-fortnight/,2
https://www.usatoday.com/story/news/education/2020/04/29/coronavirus-schools-reopen-online-homeschool/3031945001/,2
http://dlvr.it/RW3WGb,2
https://www.walesonline.co.uk/news/wales-news/schools-coronavirus-mark-drakeford-back-18196318#ICID=Android_WalesOnlineNewsApp_AppShare,2
http://dlvr.it/RVn7Ck,2
http://ow.ly/BeYM30qDG1I,2
http://ow.ly/DjAx30qCVaG,2
http://ow.ly/EDRz30qDMjd,2
http://ow.ly/EQre30qCVbz,2
http://ow.ly/TQPb30qC6dd,2
http://ow.ly/Skxj30qDUbL,2
http://ow.ly/S3j530qCkY0,2
http://ow.ly/Quxe30qDG6b,2
http://ow.ly/QfFk30qDrkg,2
http://ow.ly/QOYB30qDnrS,2
http://ow.ly/PMG530qCl6m,2
http://ow.ly/PIMP30qC7wg,2
https://www.thesun.co.uk/news/11537053/primary-schools-reopen-next-month-coronavirus/?utm_medium=Social&utm_campaign=fabuloustwitter&utm_source=Twitter#Echobox=1588497503,2
http://ow.ly/L3w630qD8X3,2
https://www.thesun.co.uk/news/11537496/brits-do-not-want-coronavirus-lockdown-lifted/,2
http://ow.ly/Jgbf30qDzBG,2
http://ow.ly/JCWA30qD4Mh,2
http://ow.ly/FaVs30qDnqS,2
http://ow.ly/FEPB30qDrfU,2
https://www.theguardian.com/world/2020/apr/28/france-and-spain-announcement-lockdowns-ease,2
http://ow.ly/eL0430qC7we,2
https://www.edinburghlive.co.uk/news/edinburgh-news/coronavirus-scotland-live-track-trace-18199410,2
https://bit.ly/2Wt9y9W,2
https://www.tes.com/news/coronavirus-vastly-increased-test-capacity-needed-open-schools,2
https://www.theguardian.com/education/2020/may/03/primary-schools-england-could-reopen-june-boris-johnson-coronavirus?CMP=Share_AndroidApp_Tweet,2
https://www.theguardian.com/education/2020/may/03/revealed-year-six-primary-school-pupils-may-return-on-1-june,2
https://bit.ly/2SwZLyv,2
https://www.tes.com/news/i-worry-i-havent-done-enough-keep-our-children-safe,2
https://bit.ly/2YprCV2,2
https://bit.ly/2KHBpOc,2
https://www.theguardian.com/environment/2020/may/01/city-leaders-aim-to-shape-green-recovery-from-coronavirus-crisis?CMP=Share_iOSApp_Other,2
https://www.tes.com/news/five-ways-help-children-heal-after-pandemic,2
https://www.theguardian.com/education/2020/apr/29/coronavirus-schools-across-england-reopen-phases-education-secretary-gavin-williamson?CMP=twt_gu&utm_source=Twitter&utm_medium#Echobox=1588171465,2
https://bit.ly/2WxfLl8,2
https://www.tes.com/news/dont-reopen-schools-too-early-urge-1m-teachers,2
https://bit.ly/2z8vdMS,2
https://bit.ly/2WaCbse,2
https://bit.ly/2W5C5Uj,2
https://www.tes.com/news/revealed-50-plus-online-platforms-used-schools,2
https://www.gov.uk/guidance/good-estate-management-for-schools/health-and-safety,1
https://www.gov.uk/government/publications/covid-19-school-closures/guidance-for-schools-about-temporarily-closing,1
https://www.tes.com/news/ofsted-wont-judge-schools-coronavirus-response?amp&__twitter_impression=true,1
https://www.thetimes.co.uk/article/raab-warns-of-new-coronavirus-wave-if-schools-return-too-quickly-5hxl3n2d8,1
https://www.helsbyhigh.org.uk/covid-19-school-closure-student-and-parental-information-page/,1
https://www.thetimes.co.uk/article/coronavirus-in-scotland-school-s-out-for-summer-to-prevent-surge-of-new-cases-dv5ksdjcl,1
https://www.hellofaread.com/politics/schools-cant-all-go-back-at-once-or-uk-risks-huge-second-coronavirus-spike-dominic-raab-warns/,1
https://www.hellofaread.com/politics/reopening-primary-schools-will-be-top-priority-in-secret-roadmap-to-ease-coronavirus-lockdown-restrictions/,1
https://www.tes.com/news/dfe-sets-out-best-practice-remote-learning,1
https://www.tes.com/news/coronavirus-ofsted-should-have-remote-learning-inspection-role?amp&__twitter_impression=true,1
https://www.health.gov.au/news/australian-health-protection-principal-committee-ahppc-statement-on-risk-management-for-re-opening-boarding-schools-and-school-based-residential-colleges,1
https://www.gov.uk/government/publications/managing-school-premises-during-the-coronavirus-outbreak/managing-school-premises-which-are-partially-open-during-the-coronavirus-outbreak,1
https://www.gov.uk/government/publications/coronavirus-covid-19-online-education-resources/coronavirus-covid-19-list-of-online-education-resources-for-home-education?fbclid=IwAR1qvrnrFpduPniIzQtKp4fKn_Fx3SnFMeFPx5nUSFBOfeUFnG95biCHL2Q,1
https://www.hants.gov.uk/News/160420HC3Smeals,1
https://www.greenocktelegraph.co.uk/news/18417080.inverclyde-schools-cost-1-million-month-despite-educational-establishments-shut-coronavirus/?ref=twtrec,1
https://www.thetimes.co.uk/article/eton-launches-100m-drive-to-help-teach-poorer-children-62mbzsdkj,1
https://www.gov.uk/guidance/apply-for-a-coronavirus-bounce-back-loan,1
https://www.tes.com/news/exclusive-give-ppe-all-us-say-34-school-staff,1
https://www.greatfallstribune.com/story/news/education/2020/05/01/coronavirus-montana-school-closures-when-will-gfps-reopen-great-falls/3057748001/,1
https://www.gov.uk/guidance/safeguarding-and-remote-education-during-coronavirus-covid-19#virtual-lessons-and-live-streaming,1
https://www.thetimes.co.uk/article/coronavirus-one-in-20-eligible-children-go-to-school-5c8gffj3d,1
https://www.tes.com/news/reopening-all-schools-poses-real-risk-second-spike,1
https://www.gov.uk/guidance/safeguarding-and-remote-education-during-coronavirus-covid-19,1
https://www.thetimes.co.uk/article/coronavirus-students-to-pay-full-tuition-fees-even-if-universities-are-shut-3wn7f77m6,1
https://www.hertfordshiremercury.co.uk/news/hertfordshire-news/hertfordshire-coronavirus-schools-could-return-4100533,1
https://www.thetimes.co.uk/article/coronavirus-a-level-students-not-set-work-by-teachers-jc006thr2,1
https://www.thegrocer.co.uk/suppliers/coronavirus-arla-and-2-sisters-pledge-food-to-nhs-staff-and-vulnerable-people/604377.article,1
https://www.independent.co.uk/news/world/americas/coronavirus-us-school-reopen-when-closed-lockdown-a9501896.html?utm_term=Autofeed&utm_medium=Social&utm_source=Twitter#Echobox=1588783598,1
https://www.tes.com/news/attainment-gap-coronavirus-schools-reopening,1
https://www.independent.co.uk/news/uk/politics/coronavirus-schools-open-date-uk-lockdown-gavin-williamson-education-secretary-a9489676.html,1
https://www.tes.com/news/business-rates-rise-private-schools-put-hold,1
https://www.independent.co.uk/news/uk/home-news/coronavirus-children-referrals-schools-open-anne-longfield-a9500176.htm,1
https://www.tes.com/news/call-cash-payments-instead-free-meals,1
https://www.independent.co.uk/news/health/coronavirus-uk-latest-school-closures-events-cancelled-rory-stewart-matt-hancock-boris-johnson-a9389051.html,1
https://www.independent.co.uk/news/health/coronavirus-lockdown-britain-public-opnion-a9496346.html,1
https://www.independent.co.uk/news/education/education-news/coronavirus-schools-open-lockdown-government-gavin-williamson-a9473406.html,1
https://www.theguardian.com/commentisfree/2020/may/04/parent-vulnerable-child-coronavirus-school-?CMP=Share_AndroidApp_Tweet,1
https://www.thesun.co.uk/news/11537496/brits-do-not-want-coronavirus-lockdown-lifted/?utm_medium=Social&utm_campaign=sunmaintwitter&utm_source=Twitter#Echobox=1588506009,1
https://www.tes.com/news/coronanvirus-reopened-schools-show-new-normal,1
https://www.independent.co.uk/life-style/health-and-families/coronavirus-lockdown-uk-remove-end-review-schools-when-government-a9453246.html?utm_medium=Social&utm_source=Twitter&__twitter_impression=true,1
https://www.thesun.co.uk/news/11548358/social-distancing-lockdown-workplace-schools/,1
https://www.heraldscotland.com/news/18427337.coronavirus-scotland-schools-not-set-fully-re-open-foreseeable-future/?ref=twtrec,1
https://www.thecourier.co.uk/fp/news/politics/scottish-politics/1309846/schools-business-and-more-time-outdoors-nicola-sturgeon-reveals-initial-options-to-ease-scotlands-lockdown/?utm_source=twitter,1
https://www.theblaze.com/news/california-county-modoc-coronavirus-lockdown,1
https://www.thesun.ie/news/5385379/denmark-coronavirus-infection-rate-schools/?utm_medium=Social&utm_source=Twitter#Echobox=1588418712,1
https://www.independent.co.uk/life-style/health-and-families/coronavirus-food-children-hunger-lockdown-a9497166.html,1
https://www.thetfordandbrandontimes.co.uk/calls-for-younger-children-to-return-to-school-first-1-6635454,1
https://www.independent.co.uk/independentpremium/coronavirus-food-banks-universal-credit-poverty-children-schools-a9492741.html?utm_medium=Social&utm_source=Twitter#Echobox=1588581425,1
https://www.independent.co.uk/independentpremium/coronavirus-food-banks-universal-credit-poverty-children-schools-a9492741.html?utm_medium=Social&utm_source=Twitter#Echobox=1588323101,1
https://www.thetimes.co.uk/article/child-coronavirus-infection-rate-deals-blow-to-hopes-of-schools-opening-8z3523v29?shareToken=69dd3b6bf4d9a6c899cd9d8cd47e5b85,1
https://www.ideas.gov.scot/,1
https://www.hulldailymail.co.uk/news/uk-world-news/reopening-schools-coronavirus-second-spike-4107996,1
https://www.huffpost.com/entry/us-intelligence-agencies-conclude-coronavirus-not-manmade_n_5eab0c2dc5b6adfb2d786592,1
https://www.hexham-courant.co.uk/news/18427544.tynedale-schools-reveal-positive-impact-home-schooling-coronavirus/,1
https://www.gov.uk/government/publications/closure-of-educational-settings-information-for-parents-and-carers,1
https://www.gov.uk/government/publications/closure-of-educational-settings-information-for-parents-and-carers/closure-of-educational-settings-information-for-parents-and-carers,1
https://www.thetimes.co.uk/article/raab-warns-of-new-coronavirus-wave-if-schools-return-too-quickly-5hxl3n2d8?shareToken=6ece3a1f1cd0f0300922375e7d942314,1
https://www.gov.uk/government/groups/scientific-advisory-group-for-emergencies-sage-coronavirus-covid-19-response,1
https://youtu.be/addhoxKU3sw,1
https://youtu.be/gnTjHC-pAcQ,1
https://www.facebook.com/events/552599022302448,1
https://www.fakenhamtimes.co.uk/calls-for-younger-children-to-return-to-school-first-1-6635454,1
https://www.flowerfield.org/news/join-in-with-causeway-coast-and-glens-creative-art-competition,1
https://www.focus-trust.co.uk/caring-for-our-communities-during-the-coronavirus-pandemic/,1
https://youtu.be/ecxengc_bpM,1
https://www.gazetteherald.co.uk/news/18424570.coronavirus-schools-adapt-closure-challenges/?ref=twtrec,1
https://www.facebook.com/1464342807166031/posts/2651455588454741/?vh=e&d=n,1
https://www.gla.ac.uk/schools/business/research/events/headline_721232_en.html,1
https://www.youtube.com/watch?v=YRULh9uFbpQ,1
https://www.wsws.org/en/articles/2020/05/04/west-m04.html,1
https://www.who.int/emergencies/diseases/novel-coronavirus-2019/advice-for-public/healthy-parenting,1
https://www.westernjournal.com/progress-us-logs-fewest-new-coronavirus-cases-month/?utm_source=Twitter&utm_medium=PostTopSharingButtons&utm_campaign=websitesharingbuttons,1
https://www.glasgowtimes.co.uk/news/18427611.nicola-sturgeon-plans-re-open-schools-glasgow-coronavirus-cases-hit-3070/,1
https://youtu.be/tmxRr9_l9rw,1
https://zcu.io/1u7e,1
https://www.tes.com/news/2020/May/07/coronavirus-and-schools-live,1
https://zcu.io/ee9i,1
https://zcu.io/mXM0,1
https://zcu.io/m9CQ,1
https://www.educare.co.uk/coronavirus,1
https://www.essexlive.news/news/essex-news/essex-coronavirus-schools-could-reopen-4100437,1
https://zcu.io/gdEm,1
https://www.examinerlive.co.uk/news/local-news/live-coronavirus-covid-uk-yorkshire-18149377,1
https://zcu.io/bW5w,1
https://zcu.io/HSFk,1
https://www.express.co.uk/news/uk/1277075/UK-coronavirus-latest-updates-primary-schools-exit-lockdown-strategy?fbclid=IwAR0ES204ynNUEnEXOs2SHmxBiG3OChDpgCmlgqr4C6fPpZu2mFCEXLBl8io,1
https://zcu.io/bGtd,1
https://zcu.io/ZHLM,1
https://www.express.co.uk/news/uk/1277417/UK-schools-reopen-coronavirus-lockdown-date-boris-johnson-exit-plan-pupils-covid-19?fbclid=IwAR1__e2tsWDtNh7sNzr-QqthnNVpLtR8g-SAPlbmU6YT-FCFgx81ooD6KQg,1
https://zcu.io/O3Bf,1
https://zcu.io/LGXi,1
https://www.tes.com/news/coronavirus-unions-attend-dfe-safety-talks-reopening-schools?amp&__twitter_impression=true,1
https://www.glasgowtimes.co.uk/news/18431287.glasgow-teacher-says-schools-unlikely-open-full-time/,1
https://www.google.co.uk/amp/s/amp.theguardian.com/education/2020/apr/29/coronavirus-crisis-no-excuse-for-price-fixing-private-schools-warned,1
https://www.gov.uk/government/collections/case-studies-remote-education-practice-for-schools-during-coronavirus-covid-19?utm_source=0d29a468-18ae-4c15-960e-d28ba9568bc5&utm_medium=email&utm_campaign=govuk-notifications&utm_content=daily,1
https://www.gov.scot/binaries/content/documents/govscot/publications/advice-and-guidance/2020/05/coronavirus-covid-19-framework-decision-making-further-information-2/documents/coronavirus-covid-19-framework-decision-making-further-information/coronavirus-covid-19-framework-decision-making-further-information/govscot%3Adocument/coronavirus-covid-19-framework-decision-making-further-information.pdf,1
https://www.uea.ac.uk/about/-/new-study-reveals-blueprint-for-getting-out-of-covid-19-lockdown,1
https://www.uclan.ac.uk/schools/psychology/psychological-support-hub.php,1
https://www.gov.scot/publications/coronavirus-covid-19-framework-decision-making-further-information/,1
https://www.trueeducationpartnerships.com/schools/how-to-speak-to-children-about-the-coronavirus/?utm_source=twitter&utm_medium=social&utm_campaign=edu,1
https://www.towerhamlets.gov.uk/lgnl/health__social_care/health_and_medical_advice/Coronavirus/Schools/Free_school_meals.aspx,1
https://www.tes.com/news/coronavirus-williamson-rules-out-summer-school-opening,1
https://www.wattonandswaffhamtimes.co.uk/calls-for-younger-children-to-return-to-school-first-1-6635454,1
https://www.thompsonstradeunion.law/trade-unions/nasuwt,1
https://www.thetimes.co.uk/edition/news/raab-warns-of-new-coronavirus-wave-if-schools-return-too-quickly-5hxl3n2d8?utm_medium=Social&utm_source=Twitter#Echobox=1588775770,1
https://www.tes.com/news/covid-19-private-schools-warned-over-fees-collusion,1
https://www.thetimes.co.uk/edition/news/raab-warns-of-new-coronavirus-wave-if-schools-return-too-quickly-5hxl3n2d8?utm_medium=Social&utm_source=Facebook&fbclid=IwAR3vUYwgE_5u-3KiZqx3KBWqX9IghHCxirTf0ImPRpnMS_DeBsmp_wWuXuA#Echobox=1588775770,1
https://www.thetimes.co.uk/edition/news/raab-warns-of-new-coronavirus-wave-if-schools-return-too-quickly-5hxl3n2d8,1
https://www.thetimes.co.uk/edition/news/coronavirus-a-level-students-not-set-work-by-teachers-jc006thr2?utm_medium=Social&utm_source=Twitter#Echobox=1588554804,1
https://www.goqradio.com/news/q-radio-local-news/listen-ni-teachers-fear-catastrophic-covid-19-surge/,1
https://www.google.com/url?sa=t&source=web&cd=1&ved=2ahUKEwjJ3dzi75_pAhWMM-wKHUiYAYwQFjAAegQIAxAB&url=https%3A%2F%2Fwww.independent.co.uk%2Flife-style%2Fhealth-and-families%2Fcoronavirus-children-adults-pass-symptoms-kids-transmit-schools-a9494286.html&usg=AOvVaw1zKcDRZYDVFmsi47tBpyjN,1
https://www.google.com/url?sa=t&source=web&cd=1&ved=2ahUKEwiT0q6Ko5_pAhWDGewKHXGFCtAQFjAAegQIChAB&url=https%3A%2F%2Fwww.independent.co.uk%2Flife-style%2Fhealth-and-families%2Fcoronavirus-children-adults-pass-symptoms-kids-transmit-schools-a9494286.html&usg=AOvVaw1zKcDRZYDVFmsi47tBpyjN,1
https://www.tes.com/news/coronavirus-what-scottish-education-did-holiday,1
https://www.google.com/amp/s/www.dailymail.co.uk/news/article-8281269/amp/Primary-schools-return-JUNE-1-coronavirus-lockdown-lifted.html,1
https://www.verdict.co.uk/coronavirus-cypher-coding-camps/,1
https://www.vox.com/recode/2020/5/4/21241062/schools-cheating-proctorio-artificial-intelligence,1
https://www.vwv.co.uk/law-sector/education-lawyers/academies/academies-coronavirus,1
https://www.google.co.uk/amp/s/www.thesun.co.uk/news/11532261/denmark-coronavirus-infection-rate-schools/amp/,1
https://www.walesonline.co.uk/news/education/children-coronavirus-schools-wales-education-18201052,1
https://www.google.co.uk/amp/s/www.thelocal.ch/20200429/bars-restaurants-and-schools-to-open-again-as-switzerland-relaxes-coronavirus-lockdown/amp,1
https://www.google.co.uk/amp/s/www.standard.co.uk/news/uk/teachers-ppe-schools-return-coronavirus-lockdown-robert-jenrick-a4434271.html%3famp,1
https://www.tes.com/news/coronavirus-pm-plan-reopen-schools-will-be-set-out-next-week?amp&__twitter_impression=true,1
https://www.walesonline.co.uk/news/wales-news/coronavirus-wales-covid19-lockdown-schools-18193511#ICID=Android_WalesOnlineNewsApp_AppShare,1
https://www.walesonline.co.uk/news/wales-news/coronavirus-wales-drakeford-lockdown-schools-18193511?utm_source=twitter.com&utm_medium=social&utm_campaign=sharebar,1
https://www.google.co.uk/amp/s/amp.theguardian.com/world/2020/may/01/children-as-likely-to-spread-coronavirus-as-adults-says-scientist,1
https://www.warringtonguardian.co.uk/news/18420375.8-teachers-schools-nurseries-thank-lockdown/,1
https://www.independent.co.uk/news/world/americas/new-york-coronavirus-schools-closed-andrew-cuomo-a9495246.html,1
https://www.theguardian.com/society/2020/may/01/cholera-and-coronavirus-why-we-must-not-repeat-the-same-mistakes,1
https://www.independent.co.uk/news/world/americas/new-york-coronavirus-schools-closed-andrew-cuomo-a9495246.html?utm_term=Autofeed&utm_medium=Social&utm_source=Twitter#Echobox=1588369998,1
https://www.theguardian.com/world/2020/may/02/will-coronavirus-spell-an-end-to-the-great-chinese-buffet?CMP=Share_iOSApp_Other,1
https://www.newsbreakapp.com/n/0OxF21Lw?s=a2&pd=04Fb1Kku,1
https://www.theguardian.com/world/live/2020/may/04/australia-coronavirus-live-updates-nsw-victoria-qld-schools-morrison-latest-news-update?CMP=twt_a-world_b-gdnworld,1
https://www.theguardian.com/world/live/2020/may/04/australia-coronavirus-live-updates-nsw-victoria-qld-schools-morrison-latest-news-update?CMP=Share_iOSApp_Other,1
https://www.newstalk.com/news/mary-lou-mcdonald-cancels-meetings-children-attend-coronavirus-hit-dublin-school-976286,1
https://www.theguardian.com/world/2020/may/03/uk-lockdown-must-not-be-lifted-until-covid-19-transmission-is-understood-say-scientists?CMP=Share_iOSApp_Other&fbclid=IwAR10gCX1Q4jUgl47D0Kk1gAvLef63UhsyHffPMZs1titk9ZToQP-HHqgXxU,1
https://www.theguardian.com/politics/2020/apr/30/britain-is-past-peak-of-coronavirus-outbreak-says-boris-johnson?CMP=Share_AndroidApp_Tweet,1
https://www.theguardian.com/politics/2020/apr/30/britain-is-past-peak-of-coronavirus-outbreak-says-boris-johnson?CMP=Share_AndroidApp_TweetCaster,1
https://www.mirror.co.uk/news/uk-news/coronavirus-pandemic-live-uk-updates-21956301#ICID=Android_TMNewsApp_AppShare,1
https://www.theguardian.com/world/2020/may/02/fearful-britons-oppose-lifting-lockdown-schools-pubs-restaurants-opinium-poll?CMP=share_btn_tw&page=with:img-2#img-2,1
https://www.nj.com/coronavirus/2020/05/schools-in-nj-will-stay-closed-through-the-end-of-this-academic-year-due-to-coronavirus-outbreak.html,1
https://www.njpen.com/coronavirus-update-121190-cases-7538-deaths-murphy-says-nj-needs-20-30-billion-to-recover/,1
https://www.njpen.com/coronavirus-update-nearly-8000-dead-128000-cases-nj-fiscal-disaster-on-the-doorstep/,1
https://www.northantstelegraph.co.uk/health/coronavirus/corby-secondary-schools-donate-science-equipment-help-nhs-staff-fighting-coronavirus-2523260,1
https://www.northnorfolknews.co.uk/calls-for-younger-children-to-return-to-school-first-1-6635454,1
https://www.nbcnews.com/now/video/how-coronavirus-could-change-schools-in-the-fall-83002949666,1
https://www.nationalreview.com/2020/05/coronavirus-crisis-sweden-refused-lockdown-other-countries-following/,1
https://www.theguardian.com/world/live/2020/may/04/australia-coronavirus-live-updates-nsw-victoria-qld-schools-morrison-latest-news-update?utm_term=Autofeed&CMP=twt_gu&utm_medium&utm_source=Twitter#Echobox=1588542922,1
https://www.theguardian.com/world/live/2020/may/05/australia-coronavirus-live-updates-nsw-victoria-ruby-princess-qld-schools-latest-news-update?CMP=twt_a-world_b-gdnworld,1
https://www.theguardian.com/world/live/2020/may/05/australia-coronavirus-live-updates-nsw-victoria-ruby-princess-qld-schools-latest-news-update?utm_term=Autofeed&CMP=twt_gu&utm_medium&utm_source=Twitter#Echobox=1588628987,1
https://www.thelocal.dk/20200430/reopening-denmark-has-increased-rate-of-infection-spread-ssu,1
https://www.thenational.ae/uae/education/coronavirus-uae-schools-to-be-inspected-over-e-learning-quality-1.1013830,1
https://www.theguardian.com/environment/2020/may/01/city-leaders-aim-to-shape-green-recovery-from-coronavirus-crisis,1
https://www.morpethherald.co.uk/news/people/army-people-and-firms-make-vital-ppe-and-new-manufacturing-facility-revealed-2606271,1
https://www.mix96.co.uk/news/national/3096971/coronavirus-when-will-uk-schools-reopen-and-what-can-we-learn-from-europe-about-how-it-will-happen/,1
https://www.theplanner.co.uk/features/small-is-beautiful-planning-for-a-post-covid-world,1
https://www.mirror.co.uk/news/world-news/ireland-lockdown-eased-mid-schools-21960491,1
https://www.standard.co.uk/news/uk/uk-coronavirus-live-latest-updates-boris-johnson-death-toll-a4430441.html,1
https://www.thescottishsun.co.uk/news/5553020/coronavirus-scotland-school-pandemic-poverty-gap?utm_source=twitter&utm_medium=social&utm_campaign=sharebarweb,1
https://www.thescottishsun.co.uk/news/5554068/two-metre-coronavirus-social-distancing-could-scrap/?utm_medium=Social&utm_campaign=scottishsuntwitter&utm_source=Twitter#Echobox=1588440525,1
https://www.steeleraymond.co.uk/news-insights/coronavirus-covid-19-guidance-for-independent-schools/,1
https://www.thescottishsun.co.uk/news/5556778/coronavirus-scotland-nicola-sturgeon-scottish-government-primary-schools-reopen?utm_source=twitter&utm_medium=social&utm_campaign=sharebaramp,1
https://www.northwichguardian.co.uk/news/18429591.coronavirus-hartford-headteachers-warning-reopening-schools/,1
https://www.northyorks.gov.uk/schools-and-childrens-services-during-coronavirus-covid-19#hubs,1
https://www.theguardian.com/politics/live/2020/may/05/uk-coronavirus-live-contact-tracing-app-trial-begins-on-isle-of-wight?CMP=share_btn_tw&page=with:block-5eb192a28f08da022712af91#block-5eb192a28f08da022712af91,1
https://www.theguardian.com/world/2020/apr/30/coronavirus-scientists-caution-against-reopening-schools?CMP=Share_AndroidApp_News_Feed,1
https://www.seattletimes.com/education-lab/why-accompanying-a-student-to-the-hospital-made-a-seattle-schools-social-worker-feel-useful-after-days-of-feeling-powerless-during-coronavirus-closures/,1
https://www.theguardian.com/uk-news/2020/may/05/uk-coronavirus-adviser-prof-neil-ferguson-resigns-after-breaking-lockdown-rules,1
https://www.scotsman.com/news/politics/nicola-sturgeon-time-easing-scotlands-lockdown-not-now-2843213,1
https://www.scotsman.com/health/coronavirus/nicola-sturgeon-publish-document-including-information-possible-reopening-schools-2842628,1
https://www.theguardian.com/us-news/2020/may/05/children-coronavirus-illness-new-york-rare-cases,1
https://www.theguardian.com/world/2020/apr/14/how-greece-is-beating-coronavirus-despite-a-decade-of-debt,1
https://www.reuters.com/article/us-health-coronavirus-spain-plan-factbox/factbox-from-hairdressers-to-beaches-spains-plan-to-phase-out-lockdown-idUSKBN22B1GK,1
https://www.reuters.com/article/us-health-coronavirus-mnuchin-education/private-schools-with-significant-endowments-should-return-ppp-loans-mnuchin-idUSKBN22D5IE?feedType=RSS&feedName=topNews&utm_source=dlvr.it&utm_medium=twitter,1
https://www.theguardian.com/world/2020/apr/26/children-unlikely-to-transmit-coronavirus-says-study-cited-in-pms-push-to-reopen-schools,1
https://www.sec-ed.co.uk/best-practice/mental-health-coronavirus-lockdown-covid-19-wellbeing-young-people-teachers-schools/,1
https://www.sec-ed.co.uk/news/teacher-unions-caution-timetable-re-opening-schools-coronavirus-covid-19/#.XrJ40zGoXrA.twitter,1
https://www.theguardian.com/politics/live/2020/may/05/uk-coronavirus-live-contact-tracing-app-trial-begins-on-isle-of-wight?CMP=twt_a-education_b-gdnedu,1
https://www.oldmoat.manchester.sch.uk/pages/coronavirus-latest-updates,1
https://www.ocr.org.uk/news/coronavirus-advice/,1
https://www.slattersportsconstruction.com/news/maintaining-activity-levels-sports-services-coronavirus-outbreak/,1
https://www.standard.co.uk/news/health/fewer-coronavirus-death-testing-sooner-a4430506.html,1
https://www.theguardian.com/world/2020/apr/30/coronavirus-scientists-caution-against-reopening-schools?CMP=aff_1432&utm_content=The+Independent&awc=5795_1588752277_7a1fc655657717a6b57778e05960b857,1
https://www.theguardian.com/world/2020/apr/30/coronavirus-scientists-caution-against-reopening-schools?CMP=fb_gu&utm_medium=Social&utm_source=Facebook#Echobox=1588249391,1
https://www.theguardian.com/world/2020/apr/30/coronavirus-scientists-caution-against-reopening-schools?CMP=share_btn_fb,1
https://www.nytimes.com/2020/05/05/health/coronavirus-children-transmission-school.html?smid=tw-share,1
https://www.standard.co.uk/news/education/schools-washing-troughs-playground-coronavirus-a4431081.html,1
https://www.standard.co.uk/news/education/schools-washing-troughs-playground-coronavirus-a4431081.html?utm_medium=Social&utm_source=Twitter#Echobox=1588613555,1
https://www.theguardian.com/politics/live/2020/may/05/uk-coronavirus-live-contact-tracing-app-trial-begins-on-isle-of-wight?CMP=share_btn_tw&page=with:block-5eb1a70c8f08da022712b0cd#block-5eb1a70c8f08da022712b0cd,1
https://www.nytimes.com/2020/05/02/sunday-review/coronavirus-school-closings.html?smid=tw-share,1
https://www.nytimes.com/2020/05/02/sunday-review/coronavirus-school-closings.html,1
https://www.nytimes.com/2020/05/01/nyregion/coronavirus-new-york-update.html,1
https://www.nytimes.com/2020/04/29/us/prep-schools-coronavirus-loans.html,1
https://www.nurseryworld.co.uk/news/article/coronavirus-teaching-unions-warn-against-premature-reopening-of-schools#.XrF8baOiNiQ.twitter,1
https://www.standard.co.uk/news/education/uk-coronavirus-schools-reopen-second-coroanvirus-peak-a4432931.html,1
https://www.npr.org/2020/04/24/842528906/what-it-might-look-like-to-safely-reopen-schools,1
https://www.stokesentinel.co.uk/news/stoke-on-trent-news/160-pupils-given-equipment-help-4097209,1
https://www.mirror.co.uk/news/uk-news/coronavirus-live-updates-uk-lockdown-21969037?utm_source=twitter.com&utm_medium=social&utm_campaign=sharebar,1
https://www.thesun.co.uk/news/11537053/primary-schools-reopen-june-coronavirus-mark-drakeford?utm_source=twitter&utm_medium=social&utm_campaign=sharebarweb,1
https://www.insurancetimes.co.uk/news/council-warns-schools-on-ppe-production-risk/1433296.article,1
https://www.independent.ie/world-news/coronavirus/leo-varadkar-country-will-start-to-slowly-reopen-on-may-18-but-schools-wont-return-until-september-39173860.html,1
https://www.instagram.com/p/B_rwuT3A1eX/?igshid=13d4ppr8frqnw,1
https://www.instagram.com/p/B_znC0NBkyK/?igshid=1741ear7y6etl,1
https://www.instagram.com/tv/B_u0zIbIhm4/?igshid=198hv3pjltvwz,1
https://www.instituteforgovernment.org.uk/events/lifting-lockdown-how-approach-coronavirus-exit-strategy,1
https://www.telegraph.co.uk/global-health/science-and-disease/coronavirus-news-uk-test-track-contact-tracing-cases-update/?WT.mc_id=tmg_share_tw,1
https://www.ipswichstar.co.uk/claire-flintoff-column-coronavirus-lockdown-1-6635515,1
https://www.mirror.co.uk/news/politics/boris-johnson-drafts-5-step-21986668,1
https://www.ipswichstar.co.uk/suffolk-schools-continue-free-tampons-for-pupils-1-6638451,1
https://www.irishtimes.com/news/health/coronavirus-re-opening-plan-to-begin-on-may-18th-with-outdoor-staff-return-to-work-1.4242985#.Xqxgb4OI1xM.twitter,1
https://www.isc.co.uk/media-enquiries/isc-blogs/friday-feature-blog-six/,1
https://www.isospartnership.com/blog/how-local-education-systems-are-responding-to-the-coronavirus-crisis,1
https://www.itv.com/news/2020-04-21/young-people-anxious-over-coronavirus-impact-on-education-snapchat-says/,1
https://www.itv.com/news/2020-04-29/schools-will-reopen-in-phased-manner-after-lockdown-says-education-secretary/,1
https://www.theguardian.com/education/2020/may/01/government-must-lead-on-re-opening-of-uk-schools-after-coronavirus-lockdown-says-nasuwt-union-boss?CMP=Share_AndroidApp_Tweet,1
https://www.thesun.co.uk/news/11532204/two-metre-coronavirus-social-distancing-could-scrap/?utm_medium=Social&utm_campaign=sunmaintwitter&utm_source=Twitter#Echobox=1588406308,1
https://www.telegraph.co.uk/news/2020/04/29/no-case-child-passing-coronavirus-adult-exists-evidence-review,1
https://www.telegraph.co.uk/news/2020/04/29/no-case-child-passing-coronavirus-adult-exists-evidence-review/,1
https://www.independent.ie/irish-news/coronavirus-a-full-look-at-irelands-roadmap-to-leaving-lockdown-39174420.html,1
https://www.theguardian.com/education/2020/apr/29/coronavirus-schools-across-england-reopen-phases-education-secretary-gavin-williamson?CMP=share_btn_tw,1
https://www.telegraph.co.uk/politics/2020/05/02/primary-schools-reopen-june-part-blueprint-unlock-britain/,1
https://www.telegraph.co.uk/politics/2020/05/02/primary-schools-reopen-june-part-blueprint-unlock-britain/?utm_content=telegraph&utm_medium=Social&utm_campaign=Echobox&utm_source=Twitter#Echobox=1588453334,1
https://www.telegraph.co.uk/politics/2020/05/04/hysterical-teachers-unions-refuse-put-pupils-first-coronavirus/,1
https://www.telegraph.co.uk/politics/2020/05/04/hysterical-teachers-unions-refuse-put-pupils-first-coronavirus/?WT.mc_id=tmgliveapp_iosshare_AvQ8YjVWKfFt,1
https://www.thesun.co.uk/news/11537053/primary-schools-reopen-june-coronavirus-mark-drakeford/,1
https://www.independent.co.uk/news/world/europe/coronavirus-france-shutting-schools-toxic-lockdown-edouard-philippe-a9499461.html?utm_term=Autofeed&utm_medium=Social&utm_source=Twitter#Echobox=1588682612,1
https://www.independent.co.uk/news/world/europe/coronavirus-france-shutting-schools-toxic-lockdown-edouard-philippe-a9499461.html,1
https://www.independent.co.uk/news/world/americas/us-politics/coronavirus-trump-americans-disapprove-handling-schools-a9492301.html?utm_term=Autofeed&utm_medium=Social&utm_source=Twitter#Echobox=1588259294,1
https://www.edinburghlive.co.uk/news/edinburgh-news/coronavirus-scotland-live-updates-boris-18193097,1
https://www.sec-ed.co.uk/best-practice/keeping-pupils-safe-online-during-lockdown-esafety-technology-coronavirus-covid-19-schools/,1
https://www.theguardian.com/education/2020/apr/29/coronavirus-crisis-no-excuse-for-price-fixing-private-schools-warned?CMP=Share_iOSApp_Other,1
https://www.theguardian.com/education/2020/may/03/primary-schools-england-could-reopen-june-boris-johnson-coronavirus?CMP=Share_iOSApp_Other,1
https://www.itv.com/news/2020-05-03/uk-coronavirus-death-toll-rises-by-315-to-28-446/,1
https://www.itv.com/news/2020-05-05/dominic-raab-leads-the-government-s-daily-coronavirus-press-conference/,1
https://www.liverpoolecho.co.uk/news/liverpool-news/live-breaking-coronavirus-updates-uk-18205487,1
https://www.mintpressnews.com/cuomo-partnership-bill-gates-revolutionize-new-york-schools-coronavirus/267278/,1
https://www.minsterfm.com/news/national/3096980/coronavirus-when-will-uk-schools-reopen-and-what-can-we-learn-from-europe-about-how-it-will-happen/,1
https://www.milton-keynes.gov.uk/waste-recycling/other-waste-services/schools-recycling-information,1
https://www.stokesentinel.co.uk/news/stoke-on-trent-news/schools-inundated-worried-families-after-4092462,1
https://www.theguardian.com/education/2020/may/05/headteachers-call-for-kinder-school-system-coronavirus-michael-gove?CMP=share_btn_tw,1
https://www.swissinfo.ch/eng/sci-tech/fact-check_true-or-false--children-are-not-the-drivers-of-the-coronavirus-pandemic/45710550,1
https://www.mentallyhealthyschools.org.uk/media/2025/coronavirus-anxiety-toolkit.pdf,1
https://www.medrxiv.org/content/10.1101/2020.05.01.20088260v1,1
https://www.theguardian.com/education/2020/may/05/headteachers-call-for-kinder-school-system-coronavirus-michael-gove?CMP=Share_iOSApp_Other,1
https://www.manxradio.com/news/isle-of-man-news/schools-to-be-redesigned-to-fully-reopen-on-island/,1
https://www.theguardian.com/education/2020/may/04/teachers-and-parents-how-do-you-feel-about-schools-reopening,1
https://www.telegraph.co.uk/education-and-careers/2020/05/05/coronavirus-qa-safe-send-child-back-school/?utm_content=telegraph&utm_medium=Social&utm_campaign=Echobox&utm_source=Twitter#Echobox=1588668473,1
https://www.mailplus.co.uk/tv/coronavirus/6083/we-applaud-the-couple-who-stepped-in-to-support-their-local-schools-by-donating-everything-from-laptops-to-pens-and-paper/?utm_source=Twitter&utm_medium=Social&utm_campaign=Social%20Traffic,1
https://www.lowestoftjournal.co.uk/calls-for-younger-children-to-return-to-school-first-1-6635454,1
https://www.telegraph.co.uk/education-and-careers/2020/05/07/when-will-schools-reopen-uk-date/?utm_content=telegraph&utm_medium=Social&utm_campaign=Echobox&utm_source=Twitter#Echobox=1588839676,1
https://www.itv.com/news/2020-05-06/china-and-south-korea-mark-major-milestones-in-taming-coronavirus/,1
https://www.theguardian.com/education/2020/may/04/headteachers-fear-it-may-be-too-soon-to-reopen-schools-in-england?CMP=Share_AndroidApp_Tweet,1
https://www.lemonde.fr/politique/article/2020/05/05/coronavirus-le-deconfinement-s-annonce-tres-limite-a-paris_6038674_823448.html,1
https://www.lemonde.fr/education/article/2020/04/27/coronavirus-et-si-nous-faisions-la-classe-dehors_6037935_1473685.html,1
https://www.thescottishsun.co.uk/news/5563606/coronavirus-scotland-schools-summer-exams/?utm_medium=Social&utm_campaign=scottishsuntwitter&utm_source=Twitter#Echobox=1588681880,1
https://www.telegraph.co.uk/global-health/science-and-disease/coronavirus-news-uk-lockdown-tests-deaths-schools-contact-tracing/?WT.mc_id=tmg_,1
https://www.leafstudio.co.uk/curriculum/school-closure-covid-19/,1
https://www.telegraph.co.uk/global-health/science-and-disease/coronavirus-news-uk-lockdown-tests-deaths-schools-contact-tracing/?WT.mc_id=tmgliveapp_androidshare_AvQ0gj3clGNb,1
https://www.thescottishsun.co.uk/news/5565120/schools-open-second-coronavirus-spike/?utm_medium=Social&utm_campaign=scottishsuntwitter&utm_source=Twitter#Echobox=1588757530,1
https://www.lbcnews.co.uk/uk-news/boris-johnson-coronavirus-lockdown-covid-19/,1
https://www.telegraph.co.uk/global-health/science-and-disease/coronavirus-news-uk-lockdown-tests-deaths-schools-contact-tracing/?WT.mc_id=tmgliveapp_iosshare_AvQ0gj3clGNb,1
https://www.theguardian.com/education/2020/may/03/primary-schools-england-could-reopen-june-boris-johnson-coronavirus?utm_source=dlvr.it&utm_medium=twitter,1
https://www.justgiving.com/fundraising/franksfinishlinefundraiser,1
https://www.tes.com/news/coronavirus-surge-supply-teachers-seeking-aid,1
https://www.itv.com/news/2020-05-06/robert-jenrick-leads-the-government-s-daily-coronavirus-press-conference/,1
https://www.independent.co.uk/news/world/americas/trump-teachers-coronavirus-reopen-schools-age-when-a9502871.html?utm_term=Autofeed&utm_medium=Social&utm_source=Twitter#Echobox=1588811093,1
https://uk.reuters.com/article/us-health-coronavirus-britain-lockdown/uk-could-allow-primary-schools-to-reopen-as-soon-as-june-1-telegraph-idUKKBN22E0TP?feedType=RSS&feedName=healthNews,1
https://www.economist.com/leaders/2020/04/30/when-easing-lockdowns-governments-should-open-schools-first,1
https://bbc.in/2VSzXPq,1
https://bbc.in/2ynFxk8,1
https://bbc.in/2zMSHr9,1
https://bbc.in/35E0FP8,1
https://bbc.in/3b11Lpj,1
https://bbc.in/3b7W9ts,1
https://bbc.in/3diS1YU,1
https://bbc.in/3fuNqoj,1
https://bit.ly/2KIOPJL,1
https://bit.ly/2KN8l8g,1
https://bit.ly/2L4uUFC,1
https://bit.ly/2S7OFQk,1
https://bit.ly/2SECEC9,1
https://bit.ly/2SEiJmQ,1
https://bit.ly/2SFlVib,1
https://bit.ly/2SpPMLz,1
https://bit.ly/2SsXww0,1
https://bit.ly/2Sy6V5H,1
https://bit.ly/2Szdg0O,1
https://bit.ly/2UJ3gn4,1
https://bit.ly/2Uaml16,1
https://bit.ly/2V7YpvQ,1
https://bit.ly/2VWcflv,1
https://bit.ly/2VZ5G1C,1
https://bit.ly/2W0ulS8,1
https://bit.ly/2W5TAnd,1
https://bbc.in/2WoHJja,1
https://bbc.in/2SEV31K,1
http://www.independent.co.uk/news/uk/home-news/coronavirus-children-referrals-schools-open-anne-longfield-a9500176.html,1
https://apple.news/Aravzhp4MQpyVcR8g9PlYLA,1
http://www.kellylouiseclark.co.uk/http:/www.kellylouiseclark.co.uk/providing-pr-services-to-multi-academy-trust-23/,1
http://www.leparisien.fr/culture-loisirs/coronavirus-intermittents-aide-aux-series-annulees-les-annonces-de-macron-pour-la-culture-06-05-2020-8311830.php,1
http://www.nbmedical.com/NBPodcasts,1
http://www.parikiaki.com/2020/05/uk-could-allow-primary-schools-to-reopen-as-soon-as-june-1-telegraph/,1
http://www.pcs.org.uk/savebc,1
http://www.scis.org.uk/about-scis/coronavirus-covid-19-guidance-for-schools/,1
http://www.telegraph.co.uk/politics/2020/05/04/boris-johnson-vaccine-coronavirus-update-lockdown-end-face-masks/,1
http://www.theparentsguideto.co.uk/coronavirus,1
http://www.theunitimes.com/2020/03/30/coronavirus-all-uae-schools-universities-extends-e-learning-until-june/,1
http://www.voicetheunion.org.uk/blog/media-speculation,1
http://www.voicetheunion.org.uk/blog/reopen,1
https://365newsx.com/gb/article/coronavirus-primary-schools-to-reopen-in-june-as-part-of-plans-to-get-uk-out-of-lockdown-mirror-online,1
https://365newsx.com/gb/article/primary-schools-set-to-reopen-in-june-if-coronavirus-infection-rate-continues-to-slow-welsh-first-minister-the-sun,1
https://ab.co/2WcYw8T,1
https://actionnetwork.org/forms/open-schools-when-it-is-safe?source=direct_link,1
https://actionnetwork.org/forms/open-schools-when-it-is-safe?source=twitter&,1
https://amp-theguardian-com.cdn.ampproject.org/v/s/amp.theguardian.com/world/2020/apr/30/coronavirus-scientists-caution-against-reopening-schools?amp_js_v=a3&amp_gsa=1&usqp=mq331AQFKAGwASA%3D#aoh=15882687696527&referrer=https%3A%2F%2Fwww.google.com&amp_tf=From%20%251%24s&ampshare=https%3A%2F%2Fwww.theguardian.com%2Fworld%2F2020%2Fapr%2F30%2Fcoronavirus-scientists-caution-against-reopening-schools,1
https://amp.independent.ie/world-news/coronavirus/coronavirus-ireland-country-will-start-to-slowly-reopen-on-may-18-but-schools-wont-return-until-september-39173860.html,1
https://amp.independent.ie/world-news/coronavirus/leo-varadkar-country-will-start-to-slowly-reopen-on-may-18-but-schools-wont-return-until-september-39173860.html?__twitter_impression=true,1
https://amp.independent.ie/world-news/coronavirus/reopening-primary-schools-presents-particular-challenges-warn-teachers-39169582.html?__twitter_impression=true,1
https://amp.theguardian.com/politics/live/2020/may/05/uk-coronavirus-live-contact-tracing-app-trial-begins-on-isle-of-wight,1
https://amp.theguardian.com/world/2020/apr/30/coronavirus-scientists-caution-against-reopening-schools?__twitter_impression=true,1
https://amp.theguardian.com/world/2020/may/01/children-as-likely-to-spread-coronavirus-as-adults-says-scientist?CMP=Share_iOSApp_Other&__twitter_impression=true,1
https://api.nationalgeographic.com/distribution/public/amp/history/2020/03/how-cities-flattened-curve-1918-spanish-flu-pandemic-coronavirus?__twitter_impression=true,1
https://apple.news/A7uCIHfr3RKatmLWdJOcMNg,1
https://bit.ly/2WAzzEn,1
https://bit.ly/2WbCKT0,1
https://bit.ly/2WdCNNQ,1
https://bit.ly/2WviT0Z,1
https://bit.ly/3ccKQl4,1
https://bit.ly/3cdVk3G,1
https://bit.ly/3d8TIYT,1
https://bit.ly/3dnXkpR,1
https://bit.ly/3ffip7S,1
https://bit.ly/3fkRGXv,1
https://bit.ly/3fn4tsD,1
https://bit.ly/tw-cs-all-hallows,1
https://buff.ly/2A6XNyA,1
https://buff.ly/2L3oBBQ,1
https://buff.ly/2QMb84C,1
https://buff.ly/2SFCuua,1
https://buff.ly/2SwEG7x,1
https://buff.ly/2VPorEk,1
https://buff.ly/2VXwONd,1
https://buff.ly/2W9PMBz,1
https://buff.ly/2XOo7qU,1
https://buff.ly/2YFe5Jd,1
https://buff.ly/2YgHrxb,1
https://buff.ly/2YzyyPw,1
https://buff.ly/2yZ3fD0,1
https://buff.ly/2ygPEqy,1
https://buff.ly/35Aghmy,1
https://buff.ly/35s3piq,1
https://buff.ly/3c1jOwY,1
https://bit.ly/3cYabii,1
https://bit.ly/3cYPH9i,1
https://bit.ly/3bcFzZv,1
https://bit.ly/2yxtuAv,1
https://bit.ly/2YDnalV,1
https://bit.ly/2YFg00d,1
https://bit.ly/2YpJEXs,1
https://bit.ly/2YueT3D,1
https://bit.ly/2xBZnHM,1
https://bit.ly/2xHYgq8,1
https://bit.ly/2xTdnNF,1
https://bit.ly/2xg3Csl,1
https://bit.ly/2yVrkdN,1
https://bit.ly/2yh15yH,1
https://bit.ly/2ytwUUV,1
https://bit.ly/2zNps7A,1
https://bit.ly/3bVbTBg,1
https://bit.ly/2zRRmiV,1
https://bit.ly/2zTvVh8,1
https://bit.ly/2zbcmRc,1
https://bit.ly/2zeBaaN,1
https://bit.ly/2zkIVfn,1
https://bit.ly/35IK7pi,1
https://bit.ly/35dkBrJ,1
https://bit.ly/35umn8d,1
https://bit.ly/3aQBjyj,1
https://bit.ly/3b27P0E,1
https://bit.ly/3bLYf35,1
http://www.kellylouiseclark.co.uk/http:/www.kellylouiseclark.co.uk/coronavirus-promoting-our-schools-in-a-new-way/,1
http://www.heraldscotland.com/news/18423056.coronavirus-scotland-private-schools-thrown-tax-breaks-lifeline/?ref=appshr,1
https://www.eastsussex.gov.uk/educationandlearning/schools/school-life/meals/free/,1
http://dlvr.it/RW2hhg,1
http://dlvr.it/RW3KgY,1
http://dlvr.it/RW3fsY,1
http://dlvr.it/RW41z6,1
http://dlvr.it/RW4Tt8,1
http://dlvr.it/RW4x6V,1
http://dlvr.it/RW6lgr,1
http://dlvr.it/RW6t47,1
http://dlvr.it/RW72yP,1
http://gf.me/u/xrkqj3,1
http://gouv.fr,1
http://gov.uk,1
http://iraq-solidarity.blogspot.com/2020/05/coronavirus-very-real-risk-of-spike-if.html,1
http://news.sky.com/story/coronavirus-documents-reveal-how-workplaces-might-change-when-lockdown-is-eased-11983050,1
http://news.sky.com/story/coronavirus-great-deal-of-logic-in-letting-younger-pupils-return-first-says-ofsted-chief-inspector-11982492,1
http://orlo.uk/S0KWv,1
http://orlo.uk/thank_our_children_XqtmC,1
http://ow.ly/1Ko250zyk9T,1
http://ow.ly/1LKK50zu6hY,1
http://ow.ly/1YZs50ztUTR,1
http://ow.ly/2jz150zudNw,1
http://ow.ly/4bSs50znkDX,1
http://ow.ly/5p7Z50z7qZR,1
http://ow.ly/6MpL50zsQbw,1
http://ow.ly/8wIs50zvIEE,1
http://ow.ly/9QT250zvRGj,1
http://dlvr.it/RW2qkM,1
http://dlvr.it/RVwvQT,1
http://www.arb.org.uk/coronavirus/prescribed-qualifications/,1
http://dlvr.it/RVwvPj,1
http://Telegraph.co.uk,1
http://Vox.com,1
http://a.msn.com/01/en-gb/BB13AfZH?ocid=st,1
http://actionnetwork.org/forms/local-councillors-letter-to-gavin-williamson-mp,1
http://bit.ly/2ToiKLn,1
http://bit.ly/AireNews,1
http://bit.ly/CFMNews,1
http://bit.ly/FreeRadioNews,1
http://bit.ly/Gem106News,1
http://bit.ly/HallamNews,1
http://bit.ly/HitsRadioNews,1
http://bit.ly/MetroRadioNews,1
http://bit.ly/RadioCityNews,1
http://bit.ly/TFMRadioNews,1
http://bit.ly/VikingFMNews,1
http://businesspost.ie/5a15f5bc,1
http://childprotection.scot,1
http://coronavirus.lgfl.net/safeguarding,1
http://createsend.com/t/i-CF7D51C672881A4D2540EF23F30FEDED,1
http://dlvr.it/RVmG2l,1
http://dlvr.it/RVr35H,1
http://dlvr.it/RVr91t,1
http://dlvr.it/RVsjhS,1
http://dlvr.it/RVwNd4,1
http://dlvr.it/RVwp2k,1
http://ow.ly/AhwG50ztP91,1
http://ow.ly/CUEx50zs3Hx,1
http://ow.ly/DCXb50zx6kg,1
http://ow.ly/DXen50ztO1e,1
http://ow.ly/u7vy50zvpuo,1
http://ow.ly/ug9i50zueF5,1
http://ow.ly/umSq30qDnsH,1
http://ow.ly/uqRn102ezKp,1
http://ow.ly/w5SY50zvUAF,1
http://ow.ly/x5aj50zyzLV,1
http://ow.ly/zGkD50zt9cb,1
http://pcs.org.uk/savebc,1
http://planetradio.co.uk/city-talk/player,1
http://planetradio.co.uk/greatest-hits/player,1
http://planetradio.co.uk/planet-rock/player,1
http://primaryblogger.co.uk/news/supporting-schools-during-coronavirus-covid-19/,1
http://shr.gs/6Xn0alB,1
http://shr.gs/8UNAU6W,1
http://socsi.in/dizBy,1
http://surveymonkey.co.uk/r/3QKS69D,1
http://tinyurl.com/yangc43s,1
http://traffic.libsyn.com/forflourishingssake/Season_1_Ep_35_-_Kelly_Hannaghan_-_Covid19_MHWB_Panel_-_Supporting_older_teens_through_this_crisis.mp3,1
http://trib.al/Ay3iqKV,1
http://trib.al/Kb6jYaR,1
http://trib.al/nQfG5ci,1
http://twib.in/l/bEjzdgKzyLzb,1
http://twitthat.com/ac0aG,1
http://twitthat.com/mSmk5,1
http://ukgermanconnection.org/pp/about/support-for-schools-during-the-coronavirus-pandemic/,1
http://ow.ly/tMeP50zu7IE,1
http://ow.ly/rDBd50zvIWw,1
http://ow.ly/qkLC50zvXEH,1
http://ow.ly/YgOO50zvNvB,1
http://ow.ly/E65e50zzpU9,1
http://ow.ly/EYZg50zyg81,1
http://ow.ly/EhXR50zxhkr,1
http://ow.ly/H0wA50zqIOo,1
http://ow.ly/KKCx50zu8Eb,1
http://ow.ly/MBTz50zuik7,1
http://ow.ly/OYKy50zsIut,1
http://ow.ly/Pem550zyA0D,1
http://ow.ly/RBTE50zxeCh,1
http://ow.ly/VRzs50zsNG6,1
http://ow.ly/YAc850zx7ib,1
http://ow.ly/ZPQ950zx2eE,1
http://ow.ly/qMQ750zt1nG,1
http://ow.ly/ZTMZ50zuoPf,1
http://ow.ly/aLO150zwfoo,1
http://ow.ly/biHH50zveSD,1
http://ow.ly/ciNo50zvJPP,1
http://ow.ly/eNKU50zw0mR,1
http://ow.ly/fMOX50zy8zZ,1
http://ow.ly/guCc50zyP86,1
http://ow.ly/jhEb30qC7lY,1
http://ow.ly/kIfs30qCqeo,1
http://ow.ly/n3WT50ztPdZ,1
http://ow.ly/psFK50zui76,1
https://buff.ly/3deoM9u,1
https://buff.ly/3dn2Jhb,1
https://buff.ly/3f3h2sJ,1
https://twitter.com/adilray/status/1257588891504312325,1
https://twitter.com/bucksfreepress/status/1245709984702377985,1
https://twitter.com/c_drosten/status/1255555995671150597,1
https://twitter.com/cnni/status/1257645240388857859,1
https://twitter.com/davewardgs/status/1256993486060085248,1
https://twitter.com/edpsyuk/status/1257588833350287360,1
https://twitter.com/intent/tweet?text=Coronavirus%3A%20scientists%20caution%20against%20reopening%20schools&url=https%3A%2F%2Fwww.theguardian.com%2Fworld%2F2020%2Fapr%2F30%2Fcoronavirus-scientists-caution-against-reopening-schools&CMP=share_btn_tw,1
https://twitter.com/jamesak47/status/1257592726985605122,1
https://twitter.com/kayaburgess/status/1223309392331902976,1
https://twitter.com/lewiskirby19/status/1257047054020481024,1
https://twitter.com/neunion/status/1256992661321527297,1
https://twitter.com/nickyjgray/status/1257688470757179392,1
https://twitter.com/operationouch/status/1257623477709877249,1
https://twitter.com/peteradamsmith/status/1257635045403213824,1
https://twitter.com/publichealthni/status/1197521954091274241,1
https://twitter.com/vestaalpha/status/1240634003906088961,1
https://twitter.com/warwickmansell/status/1257261988889026561,1
https://uk.h24.news/rw,1
https://uk.news.yahoo.com/boris-johnson-end-coronavirus-lockdown-091423319.html,1
https://uk.news.yahoo.com/coronavirus-phased-reopening-schools-see-pupils-return-different-112000879.html,1
https://uk.news.yahoo.com/primary-schools-open-soon-june-200900294.html,1
http://Globalnews.ca,1
https://uk.style.yahoo.com/coronavirus-ofsted-children-schools-reopening-090054838.html,1
https://vimeo.com/413546937/f70856c8d2,1
https://wirralview.com/covid-19-news/schools-ramp-production-ppe-council-support,1
https://wnbf.com/gates-foundation-pairs-with-nys-on-re-imagining-education-technology/,1
https://twitter.com/bbckatyaadler/status/1256129306725662720,1
https://twitter.com/WoodfieldSchool/status/1257218832499965952,1
https://buff.ly/3fgxw0F,1
https://twitter.com/ThornburyPLA/status/1255852139005587459,1
https://trib.al/BUZ3jdC,1
https://trib.al/RaCmoyr,1
https://trib.al/XupoOio,1
https://trib.al/c85Uau6,1
https://trib.al/ivOhc8M,1
https://trib.al/pyAOTtx,1
https://twitter.com/10DowningStreet/status/1255889148516458502,1
https://twitter.com/BBCNews/status/1256742250488438785,1
https://twitter.com/BBCNews/status/1257666985011351552,1
https://twitter.com/BarkerendPLA/status/1258335554770538497,1
https://twitter.com/CPAGScotland/status/1256250803049955330,1
https://twitter.com/CerebraUK/status/1257269460022579201,1
https://twitter.com/ChadNews/status/1257628598812528645,1
https://twitter.com/Cumoski/status/1256686881296781318,1
https://twitter.com/GretaThunberg/status/1238377012235927554,1
https://twitter.com/Hayley_Barlow/status/1257369092190875649,1
https://twitter.com/Henry_Hepburn/status/1257256016602955776,1
https://twitter.com/JenniferKillick/status/1256145080232153088,1
https://twitter.com/JeremyVineOn5/status/1257380346355748866,1
https://twitter.com/NASUWT/status/1257341544287350784,1
https://twitter.com/ScotlandTonight/status/1255907426236346369,1
https://twitter.com/ScottHKR27/status/1255946677992685572,1
https://twitter.com/SkyNews/status/1255859984749002752,1
https://twitter.com/SkyNews/status/1256705021812621313,1
https://twitter.com/TheNationalUAE/status/1255965150726647808,1
https://www-tes-com.cdn.ampproject.org/c/s/www.tes.com/news/coronavirus-nhs-workers-call-keep-teachers-safe?amp,1
https://www.abc.net.au/news/2020-04-30/government-mp-tells-parents-to-call-the-police-coronavirus/12201938,1
https://www.abc.net.au/news/2020-05-03/coronavirus-victorian-government-to-shut-down-school/12209794,1
https://www.activistpost.com/2020/05/cuomo-announces-partnership-with-bill-gates-to-revolutionize-ny-schools-in-wake-of-coronavirus.html,1
https://www.bridportnews.co.uk/news/18424453.uk-lockdown-eased-schools-travel-sport/,1
https://www.businessinsider.co.za/photos-show-schools-reopening-around-the-world-coronavirus-2020-4,1
https://www.businessinsider.com/photos-show-schools-reopening-around-the-world-coronavirus-2020-4?r=US&IR=T,1
https://www.buzzfeed.com/adeonibada/coronavirus-lockdown-lifted-localised-restrictions,1
https://www.camb-ed.com/intdev/article/565/minding-the-gap,1
https://www.challengepartners.org/coronavirus-resources-and-information-schools,1
https://www.childinthecity.org/2020/05/07/sending-children-back-to-school-during-coronavirus-has-human-rights-implications/,1
https://www.cluego.co.uk/formats/go-learn-self-run/,1
https://www.cnbc.com/amp/2020/05/01/second-trimester-miscarriage-attributed-to-a-coronavirus-infection-of-placenta.html?__twitter_impression=true,1
https://www.cnn.com/2020/05/06/health/schools-reopening-coronavirus-children-wellness-intl/index.html,1
https://www.cntraveller.com/article/denmark-coronavirus-lockdown?utm_medium=Social&utm_source=Twitter#Echobox=1588328963,1
https://www.consumerreports.org/technology-telecommunications/libraries-and-schools-bridging-the-digital-divide-during-the-coronavirus-pandemic/,1
https://www.conwy.gov.uk/covidfsm,1
https://www.cornwall.gov.uk/education-and-learning/coronavirus-advice-for-children-and-families/emotional-resilience-and-mental-health/emotional-resilience-for-parents-and-carers/,1
https://www.cypnow.co.uk/news/article/coronavirus-daily-update-monday-4-may,1
https://www.dailymail.co.uk/news/article-8233761/Traffic-light-lockdown-schools-weeks.html,1
https://www.dailymail.co.uk/news/article-8278013/amp/Denmarks-coronavirus-rate-infection-RISEN-0-6-0-9-schools-opened.html,1
https://www.dailymail.co.uk/news/article-8281269/Primary-schools-return-JUNE-1-coronavirus-lockdown-lifted.html?ito=amp_twitter_share-top,1
https://www.dailyrecord.co.uk/news/scottish-news/coronavirus-scotland-five-key-areas-21976919,1
https://www.derbyshire.gov.uk/social-health/health-and-wellbeing/health-protection/disease-control/coronavirus/schools/activities-for-children-and-young-people/activities-for-children-and-young-people.aspx,1
https://www.derehamtimes.co.uk/calls-for-younger-children-to-return-to-school-first-1-6635454,1
https://www.dezeen.com/2020/02/17/alternative-coronavirus-masks-max-siedentopf/,1
https://www.dissmercury.co.uk/calls-for-younger-children-to-return-to-school-first-1-6635454,1
https://www.eadt.co.uk/claire-flintoff-column-coronavirus-lockdown-1-6635515,1
https://www.eadt.co.uk/suffolk-schools-continue-free-tampons-for-pupils-1-6638451,1
https://www.birminghammail.co.uk/news/midlands-news/live-boris-johnson-coronavirus-briefing-18176937,1
https://www.berwick-advertiser.co.uk/news/people/army-people-and-firms-make-vital-ppe-and-new-manufacturing-facility-revealed-2606062,1
https://www.belfasttelegraph.co.uk/news/health/coronavirus/coronavirus-updates-no-school-reopening-date-says-minister-as-14-further-northern-ireland-deaths-reported-39184868.html,1
https://www.bbc.co.uk/news/uk-52525127,1
https://www.activistpost.com/2020/05/what-will-schools-look-like-after-covid-prison-camps-theyll-look-like-prison-camps.html,1
https://www.artefactmagazine.com/2020/05/01/coronavirus-diaries-live-blog-7/,1
https://www.artsteps.com/view/5ea61c82ac624f5d15101ffe?fbclid=IwAR1oprymFoqwGCJ9zQ_Cwq8Srd8wnss_d9Edldlwaj_PsmB7r_QA74BidGY,1
https://www.bbc.co.uk/news/av/uk-52001579/coronavirus-uk-schools-closed-except-for-key-workers-children,1
https://www.bbc.co.uk/news/av/uk-england-london-52541871/coronavirus-lockdown-exploits-society-s-digital-divide,1
https://www.bbc.co.uk/news/education-52377277,1
https://www.bbc.co.uk/news/education-52544823,1
https://www.bbc.co.uk/news/health-52183295,1
https://www.bbc.co.uk/news/health-52439005,1
https://www.bbc.co.uk/news/health-52490712,1
https://www.bbc.co.uk/news/live/world-52553430,1
https://www.bbc.co.uk/news/uk-52533375,1
https://www.belfasttelegraph.co.uk/news/health/coronavirus/coronavirus-updates-executive-working-actively-on-lockdown-exit-plan-as-six-further-ni-deaths-reported-39178306.html,1
https://www.bbc.co.uk/news/uk-england-52094390,1
https://www.bbc.co.uk/news/uk-scotland-52544700?ocid=wsnews.chat-apps.in-app-msg.whatsapp.trial.link1_.auin,1
https://www.bbc.co.uk/news/uk-wales-52568233,1
https://www.bbc.co.uk/news/world-europe-52509390,1
https://www.bbc.co.uk/news/world-europe-52557718,1
https://www.bbc.co.uk/programmes/p089dpr3,1
https://www.bbc.com/news/education-52550470,1
https://www.bbc.com/news/uk-northern-ireland-52493245,1
https://www.bbc.com/news/uk-northern-ireland-52539184,1
https://www.bbc.com/news/uk-politics-52455776,1
https://www.bbc.com/news/uk-wales-52520747,1
https://trib.al/5aDAin5,1
https://trib.al/1zkj01O,1
https://trib.al/0til2DR,1
https://metro.co.uk/2020/05/05/coronavirus-news-live-another-288-dead-across-uk-secret-lockdown-plans-leaked-boris-johnson-death-toll-testing-schools-12654834/?ito=article.desktop.share.top.twitter,1
https://hubs.ly/H0pXVnl0,1
https://hubs.ly/H0q6kPx0,1
https://hubs.ly/H0q8RkW0,1
https://hubs.ly/H0q953p0,1
https://hubs.ly/H0qc2Rd0,1
https://hubs.ly/H0qc9Nh0,1
https://i.stuff.co.nz/national/health/coronavirus/120828281/coronavirus-aucklands-marist-college-covid19-cases-cluster-reaches-66,1
https://ie.h24.news/Kt,1
https://ift.tt/3cdlPpH,1
https://ift.tt/3d9a1Vr,1
https://impacted.org.uk/covid-19,1
https://inews.co.uk/news/education/coronavirus-uk-latest-welsh-government-insists-set-own-timetable-reopening-schools-2841178,1
https://inews.co.uk/news/education/coronavirus-uk-ofsted-chief-amanda-spielman-primary-schools-reopen-soon-2841107,1
https://is.gd/6GkqKO,1
https://jasmineactive.com/news/looking-after-our-young-minds-during-the-coronavirus-pandemic,1
https://justcapital.com/news/policy-change-how-corporations-are-evolving-their-responses-to-coronavirus-over-the-last-month/,1
https://justgiving.com/campaign/computersforchildren,1
https://kayhanlife.com/news/iran/mosques-and-schools-to-reopen-in-irans-low-risk-areas/,1
https://kba.northerneducationtrust.org/2020/05/04/support-resources-for-families-during-the-covid-19-school-closure-period/,1
https://learning.nspcc.org.uk/news/2020/april/school-governors-academy-trustees-safeguarding-coronavirus,1
https://liverpool.gov.uk/communities-and-safety/emergency-planning/coronavirus/childcare-hubs-and-education/childcare-hubs-for-key-workers/,1
https://lnkd.in/ddAT8-Z,1
https://lnkd.in/g5TNgUK,1
https://lnkd.in/gAAp3Wv,1
https://mailchi.mp/a9c7ab6cebb8/kit-to-help-schools-reopen-school-sanitation-essentials,1
https://hubs.ly/H0pXST_0,1
https://hubs.ly/H0pXBMT0,1
https://gu.com/p/dnayg/stw,1
https://edition.cnn.com/world/live-news/coronavirus-pandemic-05-04-20-intl/h_276c846ffce38e5fb0f3d931f2d765c4,1
https://centreforbrexitstudiesblog.wordpress.com/2020/04/30/what-impact-is-lock-down-having-on-schools/,1
https://chelseaandfulhamtutors.co.uk/2020/03/23/a-virtual-education/,1
https://covidnineteen.wiki/united-kingdom/coronavirus-germany-reopens-its-schools-and-shops/,1
https://crowd.in/6jYAqi,1
https://crowd.in/AiTzNd,1
https://crowd.in/k0jfPL,1
https://districtadministration.com/reopening-schools-fall-2020-in-person-health-and-wellness-california-coronavirus/,1
https://dy.si/MXXEa,1
https://ealingnewsextra.co.uk/coronavirus/top-of-the-class-for-ealings-schools/,1
https://edition.cnn.com/2020/03/13/uk/uk-coronavirus-response-boris-johnson-intl-gbr/index.html,1
https://edition.cnn.com/2020/04/22/business/business-schools-coronavirus/index.html,1
https://edtechnology.co.uk/schools/dfe-pledges-further-support-for-schools-during-lockdown/,1
https://gu.com/p/dmh2z/stw,1
https://educationbusinessuk.net/news/01052020/school-travel-sector-asks-support-and-clarity-trips,1
https://f7td5.app.goo.gl/MvSTsR,1
https://f7td5.app.goo.gl/oK3Qjn,1
https://finance.yahoo.com/news/coronavirus-chinas-central-bank-finance-093000340.html,1
https://fintechzoom.com/fintech_news_loans/elite-private-schools-taking-coronavirus-ppp-loans/,1
https://flip.it/GQO6Bo,1
https://fr.news.yahoo.com/coronavirus-pas-chomage-partiel-si-refusez-envoyer-enfants-ecole-085320294.html,1
https://go.shr.lc/2y6zqR6,1
https://go.shr.lc/2y9B44s,1
https://gov.wales/free-school-meals-coronavirus-guidance-schools,1
https://gov.wales/how-schools-will-work-during-coronavirus-pandemic#section-38402,1
https://manorjunior.co.uk/corona-virus-update,1
https://mol.im/a/8280901,1
https://tinyurl.com/yd834cyn,1
https://mol.im/a/8281921,1
https://reut.rs/3bRrvW5,1
https://riaabg.uk/2SI40Y7,1
https://sbee.link/dne3y7kwc4,1
https://schoolgovernors.thekeysupport.com/curriculum-and-pupils/pastoral-care/health-and-medical-needs/coronavirus-how-continue-monitoring-closed-school/,1
https://schools.warwickshire.gov.uk/coronavirus/coronavirus-advice-parents/1,1
https://schoolsimprovement.net/schools-may-remain-closed-until-september-over-coronavirus-second-wave-fears/,1
https://schoolsimprovement.net/wuhan-schools-install-plastic-screens-on-students-desks-to-protect-them-from-coronavirus/,1
https://schoolsweek.co.uk/coronavirus-6-key-findings-from-the-sutton-trusts-research-on-university-applications/,1
https://schoolsweek.co.uk/coronavirus-david-ross-education-trust-furloughs-dozens-of-staff/,1
https://schoolsweek.co.uk/coronavirus-schools-paying-out-thousands-for-cancelled-pgl-trips/,1
https://self-referral.test-for-coronavirus.service.gov.uk/test-type#local,1
https://seneddresearch.blog/2020/04/17/coronavirus-childcare/,1
https://simplenews.co.uk/general/london-after-lockdown-schools-install-playground-washing-troughs-for-when-children-go-back-to-curb-spread-of-coronavirus/,1
https://simplenews.co.uk/general/primary-schools-to-open-as-soon-as-june-as-part-of-boris-johnsons-coronavirus-lockdown-exit-plan/,1
https://smartschoolcouncils.org.uk/class-meeting-tool/MTM2NzhfMjU2MF8xNTg4MzQ4MjA0#/,1
https://socialistworker.co.uk/art/49997/Day+of+action+called+for+no+return+to+unsafe+workplaces,1
https://southyorkshirefutures.co.uk/syf/covid-19/?doing_wp_cron=1588840376.0521039962768554687500,1
https://telegraph.co.uk/global-health/science-and-disease/coronavirus-news-uk-lockdown-tests-deaths-schools-contact-tracing/,1
https://theconversation.com/amp/coronavirus-there-is-an-urgent-need-to-re-open-schools-this-is-how-to-make-it-happen-137818?__twitter_impression=true,1
https://theconversation.com/coronavirus-there-is-an-urgent-need-to-re-open-schools-this-is-how-to-make-it-happen-137818?utm_medium=email&utm_campaign=Latest%20from%20The%20Conversation%20for%20May%205%202020%20-%201613315471&utm_content=Latest%20from%20The%20Conversation%20for%20May%205%202020%20-%201613315471+CID_3a10c71838a52768a258853d053b5fc7&utm_source=campaign_monitor_uk&utm_term=brought%20back%20safely,1
https://theconversation.com/coronavirus-there-is-an-urgent-need-to-re-open-schools-this-is-how-to-make-it-happen-137818?utm_source=twitter&utm_medium=bylinetwitterbutton,1
https://theguardian.com/world/2020/apr/30/coronavirus-scientists-caution-against-reopening-schools,1
https://thelighthouse.purephpbb.com/viewtopic.php?f=89&t=37136,1
https://time.com/5826918/hokkaido-coronavirus-lockdown/,1
https://tinyurl.com/ybtk3ztz,1
https://readingwise.com/coronavirus-support,1
https://reaction.life/coronavirus-there-is-an-urgent-need-to-re-open-schools-this-is-how-to-make-it-happen,1
https://reach.scot/get-help/coronavirus,1
https://news.sky.com/story/coronavirus-schools-reopen-in-chinese-city-where-pandemic-began-11983791,1
https://mol.im/a/8286905,1
https://mol.im/a/8292219#i-21f84d30ccd41ef6,1
https://mol.im/a/8292573,1
https://mol.im/a/8294387,1
https://nbcnews.to/2xvKqqQ,1
https://neu.org.uk/coronavirus#petition,1
https://news.sky.com/story/coronavirus-health-secretary-matt-hancock-answers-your-covid-19-questions-11983853,1
https://news.sky.com/story/coronavirus-homeschooling-five-ways-to-keep-your-kids-learning-happy-and-healthy-11959988,1
https://news.sky.com/story/coronavirus-ireland-announces-five-stage-exit-plan-from-may-to-august-11981938,1
https://news.sky.com/story/coronavirus-no-child-known-to-have-passed-covid-19-to-adults-global-study-finds-11981111,1
https://news.sky.com/story/coronavirus-phased-reopening-of-schools-will-see-not-all-pupils-return-at-the-same-time-11980449,1
https://nltimes.nl/2020/05/01/mystery-child-illness-possibly-linked-coronavirus-also-netherlands,1
https://r1.dotmailer-surveys.com/1114x93a-984mj1a3,1
https://nypost.com/2020/04/29/who-lauds-sweden-as-model-for-resisting-coronavirus-lockdown/,1
https://nyti.ms/2WBzCj8,1
https://nyti.ms/3fg6dDJ,1
https://nzzl.us/t7sVeNU,1
https://oecdedutoday.com/how-re-open-schools-after-coronavirus/,1
https://on.ft.com/2KQDwiT,1
https://on.ft.com/2VVLGNf,1
https://on.ft.com/3dctbtT,1
https://p.dw.com/p/3bioL,1
https://pocket.co/xdmmPA,1
https://q-url.co/3cal5Ss,1
https://zcu.io/tlYG,1
